"","Country","Date","stringency_index","openness_risk","relative_stringency"
"1","Australia",2020-04-01,71.3,37.2593261,34.0406739
"2","Australia",2020-04-02,73.15,37.2156111,35.9343889
"3","Australia",2020-04-03,73.15,37.0344798,36.1155202
"4","Australia",2020-04-04,73.15,36.9722434,36.1777566
"5","Australia",2020-04-05,73.15,37.0176814,36.1323186
"6","Australia",2020-04-06,73.15,37.6441754,35.5058246
"7","Australia",2020-04-07,73.15,37.8220648,35.3279352
"8","Australia",2020-04-08,73.15,37.6557346,35.4942654
"9","Australia",2020-04-09,73.15,37.2839579,35.8660421
"10","Australia",2020-04-10,73.15,38.2560662,34.8939338
"11","Australia",2020-04-11,73.15,38.3054679,34.8445321
"12","Australia",2020-04-12,73.15,38.3297714,34.8202286
"13","Australia",2020-04-13,73.15,38.4263251,34.7236749
"14","Australia",2020-04-14,73.15,38.523816,34.626184
"15","Australia",2020-04-15,69.44,38.5661354,30.8738646
"16","Australia",2020-04-16,69.44,38.5688624,30.8711376
"17","Australia",2020-04-17,69.44,35.2618875,34.1781125
"18","Australia",2020-04-18,69.44,32.0259166,37.4140834
"19","Australia",2020-04-19,69.44,34.2607133,35.1792867
"20","Australia",2020-04-20,69.44,32.5246115,36.9153885
"21","Australia",2020-04-21,69.44,29.1478264,40.2921736
"22","Australia",2020-04-22,69.44,27.7580201,41.6819799
"23","Australia",2020-04-23,69.44,26.7204269,42.7195731
"24","Australia",2020-04-24,69.44,23.248283,46.191717
"25","Australia",2020-04-25,69.44,21.0183788,48.4216212
"26","Australia",2020-04-26,69.44,19.3195094,50.1204906
"27","Australia",2020-04-27,69.44,14.305621,55.134379
"28","Australia",2020-04-28,69.44,14.3441079,55.0958921
"29","Australia",2020-04-29,69.44,14.4017831,55.0382169
"30","Australia",2020-04-30,69.44,14.6626703,54.7773297
"31","Australia",2020-05-01,69.44,14.3803521,55.0596479
"32","Australia",2020-05-02,69.44,14.6737051,54.7662949
"33","Australia",2020-05-03,69.44,14.8989151,54.5410849
"34","Australia",2020-05-04,69.44,16.2342665,53.2057335
"35","Australia",2020-05-05,69.44,16.5858333,52.8541667
"36","Australia",2020-05-06,69.44,17.3457515,52.0942485
"37","Australia",2020-05-07,69.44,17.7366085,51.7033915
"38","Australia",2020-05-08,69.44,17.1289164,52.3110836
"39","Australia",2020-05-09,69.44,17.0457621,52.3942379
"40","Australia",2020-05-10,69.44,16.2639303,53.1760697
"41","Australia",2020-05-11,69.44,15.9166003,53.5233997
"42","Australia",2020-05-12,69.44,14.4218989,55.0181011
"43","Australia",2020-05-13,69.44,13.5347594,55.9052406
"44","Australia",2020-05-14,69.44,14.3675857,55.0724143
"45","Australia",2020-05-15,65.74,15.1807299,50.5592701
"46","Australia",2020-05-16,64.35,14.2053666,50.1446334
"47","Australia",2020-05-17,64.35,14.2955785,50.0544215
"48","Australia",2020-05-18,67.13,13.6531,53.4769
"49","Australia",2020-05-19,67.13,13.1433535,53.9866465
"50","Australia",2020-05-20,67.13,13.0971847,54.0328153
"51","Australia",2020-05-21,67.13,11.7884196,55.3415804
"52","Australia",2020-05-22,67.13,10.7964326,56.3335674
"53","Australia",2020-05-23,67.13,11.2324132,55.8975868
"54","Australia",2020-05-24,67.13,10.3814934,56.7485066
"55","Australia",2020-05-25,65.28,10.2860484,54.9939516
"56","Australia",2020-05-26,65.28,11.0178085,54.2621915
"57","Australia",2020-05-27,65.28,11.1305028,54.1494972
"58","Australia",2020-05-28,65.28,11.2195326,54.0604674
"59","Australia",2020-05-29,63.43,12.4288345,51.0011655
"60","Australia",2020-05-30,63.43,11.9650149,51.4649851
"61","Australia",2020-05-31,63.43,12.895391,50.534609
"62","Australia",2020-06-01,62.04,13.5975085,48.4424915
"63","Australia",2020-06-02,62.04,13.2018224,48.8381776
"64","Australia",2020-06-03,62.04,13.2793878,48.7606122
"65","Australia",2020-06-04,62.04,13.6806114,48.3593886
"66","Australia",2020-06-05,62.04,12.4747525,49.5652475
"67","Australia",2020-06-06,62.04,12.3775107,49.6624893
"68","Australia",2020-06-07,62.04,12.0082468,50.0317532
"69","Australia",2020-06-08,62.04,10.5750901,51.4649099
"70","Australia",2020-06-09,60.19,10.4748859,49.7151141
"71","Australia",2020-06-10,60.19,10.4433762,49.7466238
"72","Australia",2020-06-11,60.19,10.1583625,50.0316375
"73","Australia",2020-06-12,50.46,10.1307603,40.3292397
"74","Australia",2020-06-13,50.46,11.753161,38.706839
"75","Australia",2020-06-14,50.46,12.5316106,37.9283894
"76","Australia",2020-06-15,50.46,13.3670961,37.0929039
"77","Australia",2020-06-16,50.46,14.6941341,35.7658659
"78","Australia",2020-06-17,50.46,15.5501629,34.9098371
"79","Australia",2020-06-18,50.46,16.7407641,33.7192359
"80","Australia",2020-06-19,50.46,16.5337859,33.9262141
"81","Australia",2020-06-20,50.46,18.6875373,31.7724627
"82","Australia",2020-06-21,50.46,18.6235723,31.8364277
"83","Australia",2020-06-22,50.46,19.3110102,31.1489898
"84","Australia",2020-06-23,52.31,19.9780556,32.3319444
"85","Australia",2020-06-24,52.31,21.6825938,30.6274062
"86","Australia",2020-06-25,52.31,23.3618055,28.9481945
"87","Australia",2020-06-26,52.31,23.7772553,28.5327447
"88","Australia",2020-06-27,52.31,26.8922487,25.4177513
"89","Australia",2020-06-28,52.31,32.76104,19.54896
"90","Australia",2020-06-29,52.31,37.6529702,14.6570298
"91","Australia",2020-06-30,52.31,38.6633401,13.6466599
"92","Australia",2020-07-01,68.98,38.7932558,30.1867442
"93","Australia",2020-07-02,68.98,38.9402947,30.0397053
"94","Australia",2020-07-03,68.98,39.0277221,29.9522779
"95","Australia",2020-07-04,68.98,39.1087414,29.8712586
"96","Australia",2020-07-05,68.98,39.1067498,29.8732502
"97","Australia",2020-07-06,68.98,39.1148045,29.8651955
"98","Australia",2020-07-07,68.98,39.1160363,29.8639637
"99","Australia",2020-07-08,75.46,39.2563768,36.2036232
"100","Australia",2020-07-09,75.46,39.4096658,36.0503342
"101","Australia",2020-07-10,75.46,39.5670927,35.8929073
"102","Australia",2020-07-11,75.46,39.7045189,35.7554811
"103","Australia",2020-07-12,75.46,39.8774773,35.5825227
"104","Australia",2020-07-13,71.76,40.0818844,31.6781156
"105","Australia",2020-07-14,71.76,40.1905328,31.5694672
"106","Australia",2020-07-15,71.76,40.2558867,31.5041133
"107","Australia",2020-07-16,68.06,40.3453528,27.7146472
"108","Australia",2020-07-17,68.06,40.4431491,27.6168509
"109","Australia",2020-07-18,68.06,40.3434809,27.7165191
"110","Australia",2020-07-19,68.06,40.1472075,27.9127925
"111","Australia",2020-07-20,68.06,39.9633015,28.0966985
"112","Australia",2020-07-21,68.06,39.869418,28.190582
"113","Australia",2020-07-22,68.06,39.597753,28.462247
"114","Australia",2020-07-23,68.06,39.4033948,28.6566052
"115","Australia",2020-07-24,68.06,39.3179712,28.7420288
"116","Australia",2020-07-25,68.06,39.3424919,28.7175081
"117","Australia",2020-07-26,68.06,39.3723441,28.6876559
"118","Australia",2020-07-27,68.06,39.3920454,28.6679546
"119","Australia",2020-07-28,68.06,39.3907855,28.6692145
"120","Australia",2020-07-29,68.06,39.4553353,28.6046647
"121","Australia",2020-07-30,68.06,39.4937736,28.5662264
"122","Australia",2020-07-31,68.06,39.4937736,28.5662264
"123","Australia",2020-08-01,68.06,39.536201,28.523799
"124","Australia",2020-08-02,71.76,39.5538102,32.2061898
"125","Australia",2020-08-03,75.46,39.5793477,35.8806523
"126","Australia",2020-08-04,75.46,39.286413,36.173587
"127","Australia",2020-08-05,75.46,38.8535376,36.6064624
"128","Australia",2020-08-06,75.46,39.3182872,36.1417128
"129","Australia",2020-08-07,75.46,39.2074538,36.2525462
"130","Australia",2020-08-08,75.46,39.135646,36.324354
"131","Australia",2020-08-09,75.46,39.1165047,36.3434953
"132","Australia",2020-08-10,75.46,39.1218584,36.3381416
"133","Australia",2020-08-11,75.46,39.1323793,36.3276207
"134","Australia",2020-08-12,75.46,39.1360593,36.3239407
"135","Australia",2020-08-13,75.46,39.1395109,36.3204891
"136","Australia",2020-08-14,75.46,39.1281761,36.3318239
"137","Australia",2020-08-15,75.46,39.1315126,36.3284874
"138","Australia",2020-08-16,75.46,39.126561,36.333439
"139","Australia",2020-08-17,75.46,39.1277594,36.3322406
"140","Australia",2020-08-18,75.46,39.1308733,36.3291267
"141","Australia",2020-08-19,75.46,39.1294309,36.3305691
"142","Australia",2020-08-20,75.46,39.1188646,36.3411354
"143","Australia",2020-08-21,75.46,39.1188071,36.3411929
"144","Australia",2020-08-22,75.46,39.1167794,36.3432206
"145","Australia",2020-08-23,75.46,39.0864369,36.3735631
"146","Australia",2020-08-24,75.46,39.0793199,36.3806801
"147","Australia",2020-08-25,75.46,39.0740933,36.3859067
"148","Australia",2020-08-26,75.46,39.0621813,36.3978187
"149","Australia",2020-08-27,75.46,39.0475676,36.4124324
"150","Australia",2020-08-28,75.46,39.0467878,36.4132122
"151","Australia",2020-08-29,75.46,39.0465121,36.4134879
"152","Australia",2020-08-30,75.46,39.0064071,36.4535929
"153","Australia",2020-08-31,75.46,38.9990249,36.4609751
"154","Australia",2020-09-01,75.46,38.9965512,36.4634488
"155","Australia",2020-09-02,75.46,38.9894247,36.4705753
"156","Australia",2020-09-03,75.46,38.9812705,36.4787295
"157","Australia",2020-09-04,75.46,38.9780285,36.4819715
"158","Australia",2020-09-05,75.46,39.0298596,36.4301404
"159","Australia",2020-09-06,75.46,39.1103149,36.3496851
"160","Australia",2020-09-07,75.46,39.2787715,36.1812285
"161","Australia",2020-09-08,75.46,39.3757752,36.0842248
"162","Australia",2020-09-09,75.46,39.3672462,36.0927538
"163","Australia",2020-09-10,75.46,39.3548006,36.1051994
"164","Australia",2020-09-11,75.46,39.3544351,36.1055649
"165","Australia",2020-09-12,75.46,39.3539057,36.1060943
"166","Australia",2020-09-13,75.46,39.3190083,36.1409917
"167","Australia",2020-09-14,75.46,39.3163169,36.1436831
"168","Australia",2020-09-15,75.46,36.0876992,39.3723008
"169","Australia",2020-09-16,75.46,33.988143,41.471857
"170","Australia",2020-09-17,75.46,34.6766919,40.7833081
"171","Australia",2020-09-18,75.46,33.0760701,42.3839299
"172","Australia",2020-09-19,75.46,30.4209437,45.0390563
"173","Australia",2020-09-20,75.46,28.0794732,47.3805268
"174","Australia",2020-09-21,75.46,26.7394015,48.7205985
"175","Australia",2020-09-22,75.46,26.0377384,49.4222616
"176","Australia",2020-09-23,75.46,23.6551735,51.8048265
"177","Australia",2020-09-24,75.46,21.1856886,54.2743114
"178","Australia",2020-09-25,75.46,20.4793135,54.9806865
"179","Australia",2020-09-26,75.46,21.4485695,54.0114305
"180","Australia",2020-09-27,75.46,20.5471561,54.9128439
"181","Australia",2020-09-28,68.06,18.8752663,49.1847337
"182","Australia",2020-09-29,68.06,18.2577223,49.8022777
"183","Australia",2020-09-30,68.06,19.1293825,48.9306175
"184","Australia",2020-10-01,68.06,18.5077135,49.5522865
"185","Australia",2020-10-02,68.06,18.1579275,49.9020725
"186","Australia",2020-10-03,68.06,17.2800741,50.7799259
"187","Australia",2020-10-04,68.06,18.0720152,49.9879848
"188","Australia",2020-10-05,68.06,19.3024041,48.7575959
"189","Australia",2020-10-06,68.06,18.0996672,49.9603328
"190","Australia",2020-10-07,68.06,18.7493618,49.3106382
"191","Australia",2020-10-08,68.06,19.4300462,48.6299538
"192","Australia",2020-10-09,68.06,20.0825405,47.9774595
"193","Australia",2020-10-10,68.06,20.6235013,47.4364987
"194","Australia",2020-10-11,68.06,21.5203611,46.5396389
"195","Australia",2020-10-12,68.06,21.6262121,46.4337879
"196","Australia",2020-10-13,68.06,23.3217615,44.7382385
"197","Australia",2020-10-14,68.06,22.9902847,45.0697153
"198","Australia",2020-10-15,68.06,22.5255054,45.5344946
"199","Australia",2020-10-16,68.06,21.59123,46.46877
"200","Australia",2020-10-17,68.06,20.984381,47.075619
"201","Australia",2020-10-18,68.06,19.7922309,48.2677691
"202","Australia",2020-10-19,68.06,18.0813829,49.9786171
"203","Australia",2020-10-20,68.06,19.069283,48.990717
"204","Australia",2020-10-21,68.06,18.6137007,49.4462993
"205","Australia",2020-10-22,68.06,18.9666471,49.0933529
"206","Australia",2020-10-23,68.06,20.0489784,48.0110216
"207","Australia",2020-10-24,68.06,20.5891749,47.4708251
"208","Australia",2020-10-25,68.06,20.8375969,47.2224031
"209","Australia",2020-10-26,68.06,21.5553671,46.5046329
"210","Australia",2020-10-27,68.06,19.3966406,48.6633594
"211","Australia",2020-10-28,60.65,19.1207915,41.5292085
"212","Australia",2020-10-29,60.65,18.7550307,41.8949693
"213","Australia",2020-10-30,62.5,17.6044345,44.8955655
"214","Australia",2020-10-31,62.5,16.8938854,45.6061146
"215","Australia",2020-11-01,62.5,16.3314422,46.1685578
"216","Australia",2020-11-02,62.5,15.9019616,46.5980384
"217","Australia",2020-11-03,62.5,15.7533469,46.7466531
"218","Australia",2020-11-04,62.5,15.3842755,47.1157245
"219","Australia",2020-11-05,62.5,17.462341,45.037659
"220","Australia",2020-11-06,62.5,17.6458402,44.8541598
"221","Australia",2020-11-07,62.5,17.2872013,45.2127987
"222","Australia",2020-11-08,64.35,17.3557055,46.9942945
"223","Australia",2020-11-09,64.35,16.9026739,47.4473261
"224","Australia",2020-11-10,64.35,15.9987955,48.3512045
"225","Australia",2020-11-11,64.35,15.6315729,48.7184271
"226","Australia",2020-11-12,64.35,14.4528671,49.8971329
"227","Australia",2020-11-13,64.35,14.2748211,50.0751789
"228","Australia",2020-11-14,64.35,16.3467913,48.0032087
"229","Australia",2020-11-15,64.35,19.1221676,45.2278324
"230","Australia",2020-11-16,64.35,19.571238,44.778762
"231","Australia",2020-11-17,64.35,21.0990955,43.2509045
"232","Australia",2020-11-18,64.35,21.452465,42.897535
"233","Australia",2020-11-19,64.35,21.9854207,42.3645793
"234","Australia",2020-11-20,64.35,22.7070979,41.6429021
"235","Australia",2020-11-21,64.35,21.44684,42.90316
"236","Australia",2020-11-22,64.35,19.2661429,45.0838571
"237","Australia",2020-11-23,64.35,19.4638147,44.8861853
"238","Australia",2020-11-24,64.35,18.8705955,45.4794045
"239","Australia",2020-11-25,64.35,19.4147373,44.9352627
"240","Australia",2020-11-26,64.35,19.5029223,44.8470777
"241","Australia",2020-11-27,64.35,19.4128534,44.9371466
"242","Australia",2020-11-28,64.35,18.5886087,45.7613913
"243","Australia",2020-11-29,64.35,18.2981257,46.0518743
"244","Australia",2020-11-30,64.35,18.387623,45.962377
"245","Australia",2020-12-01,62.5,18.4750933,44.0249067
"246","Australia",2020-12-02,62.5,18.8418042,43.6581958
"247","Australia",2020-12-03,62.5,19.0739339,43.4260661
"248","Australia",2020-12-04,62.5,18.6131584,43.8868416
"249","Australia",2020-12-05,62.5,19.0673819,43.4326181
"250","Australia",2020-12-06,62.5,18.9077968,43.5922032
"251","Australia",2020-12-07,62.5,19.4367114,43.0632886
"252","Australia",2020-12-08,62.5,18.9686227,43.5313773
"253","Australia",2020-12-09,62.5,18.1264868,44.3735132
"254","Australia",2020-12-10,62.5,18.2138008,44.2861992
"255","Australia",2020-12-11,62.5,18.864277,43.635723
"256","Australia",2020-12-12,62.5,18.4925763,44.0074237
"257","Australia",2020-12-13,62.5,18.481438,44.018562
"258","Australia",2020-12-14,62.5,18.1097373,44.3902627
"259","Australia",2020-12-15,62.5,18.6616406,43.8383594
"260","Australia",2020-12-16,62.5,19.1217067,43.3782933
"261","Australia",2020-12-17,62.5,20.0474913,42.4525087
"262","Australia",2020-12-18,62.5,21.8284096,40.6715904
"263","Australia",2020-12-19,70.83,25.2761988,45.5538012
"264","Australia",2020-12-20,70.83,27.552446,43.277554
"265","Australia",2020-12-21,70.83,28.6344211,42.1955789
"266","Australia",2020-12-22,70.83,27.643025,43.186975
"267","Australia",2020-12-23,70.83,28.1931948,42.6368052
"268","Australia",2020-12-24,70.83,27.1618683,43.6681317
"269","Australia",2020-12-25,70.83,25.6596744,45.1703256
"270","Australia",2020-12-26,70.83,22.5928547,48.2371453
"271","Australia",2020-12-27,70.83,22.0500389,48.7799611
"272","Australia",2020-12-28,70.83,21.0974999,49.7325001
"273","Australia",2020-12-29,70.83,22.2973798,48.5326202
"274","Australia",2020-12-30,70.83,22.2065627,48.6234373
"275","Australia",2020-12-31,70.83,22.8871083,47.9428917
"276","Australia",2021-01-01,70.83,23.9191491,46.9108509
"277","Australia",2021-01-02,70.83,25.0371933,45.7928067
"278","Australia",2021-01-03,70.83,24.2422454,46.5877546
"279","Australia",2021-01-04,70.83,24.3173365,46.5126635
"280","Australia",2021-01-05,70.83,23.1877127,47.6422873
"281","Australia",2021-01-06,70.83,21.9691621,48.8608379
"282","Australia",2021-01-07,70.83,22.387691,48.442309
"283","Australia",2021-01-08,70.83,20.3236094,50.5063906
"284","Australia",2021-01-09,70.83,19.377572,51.452428
"285","Australia",2021-01-10,70.83,19.261765,51.568235
"286","Australia",2021-01-11,55.09,19.8537934,35.2362066
"287","Australia",2021-01-12,55.09,19.5881214,35.5018786
"288","Australia",2021-01-13,55.09,19.5787721,35.5112279
"289","Australia",2021-01-14,55.09,18.1942989,36.8957011
"290","Australia",2021-01-15,55.09,18.9683295,36.1216705
"291","Australia",2021-01-16,55.09,19.4843499,35.6056501
"292","Australia",2021-01-17,55.09,18.9526969,36.1373031
"293","Australia",2021-01-18,55.09,18.0873939,37.0026061
"294","Australia",2021-01-19,55.09,17.480205,37.609795
"295","Australia",2021-01-20,55.09,17.3942016,37.6957984
"296","Australia",2021-01-21,55.09,17.1224492,37.9675508
"297","Australia",2021-01-22,55.09,15.8323982,39.2576018
"298","Australia",2021-01-23,55.09,14.7031111,40.3868889
"299","Australia",2021-01-24,55.09,14.5311043,40.5588957
"300","Australia",2021-01-25,55.09,14.2480091,40.8419909
"301","Australia",2021-01-26,55.09,14.0496823,41.0403177
"302","Australia",2021-01-27,55.09,13.9582598,41.1317402
"303","Australia",2021-01-28,55.09,14.1283138,40.9616862
"304","Australia",2021-01-29,55.09,14.3709668,40.7190332
"305","Australia",2021-01-30,55.09,14.363756,40.726244
"306","Australia",2021-01-31,70.83,14.0786433,56.7513567
"307","Australia",2021-02-01,78.24,14.7927232,63.4472768
"308","Australia",2021-02-02,78.24,14.7882276,63.4517724
"309","Australia",2021-02-03,78.24,14.8704948,63.3695052
"310","Australia",2021-02-04,78.24,14.780886,63.459114
"311","Australia",2021-02-05,63.43,14.7846104,48.6453896
"312","Australia",2021-02-06,63.43,14.6712431,48.7587569
"313","Australia",2021-02-07,63.43,14.6176123,48.8123877
"314","Australia",2021-02-08,56.02,14.5162517,41.5037483
"315","Australia",2021-02-09,56.02,14.9947892,41.0252108
"316","Australia",2021-02-10,56.02,14.8853359,41.1346641
"317","Australia",2021-02-11,56.02,15.2397727,40.7802273
"318","Australia",2021-02-12,70.83,15.1493305,55.6806695
"319","Australia",2021-02-13,70.83,15.420657,55.409343
"320","Australia",2021-02-14,70.83,15.0391246,55.7908754
"321","Australia",2021-02-15,78.24,15.2122312,63.0277688
"322","Australia",2021-02-16,75.46,14.7534277,60.7065723
"323","Australia",2021-02-17,75.46,14.1097108,61.3502892
"324","Australia",2021-02-18,53.24,13.9200301,39.3199699
"325","Australia",2021-02-19,53.24,13.6487036,39.5912964
"326","Australia",2021-02-20,53.24,13.6615607,39.5784393
"327","Australia",2021-02-21,53.24,13.8519003,39.3880997
"328","Australia",2021-02-22,53.24,14.0548897,39.1851103
"329","Australia",2021-02-23,53.24,15.8091085,37.4308915
"330","Australia",2021-02-24,53.24,16.4965534,36.7434466
"331","Australia",2021-02-25,53.24,16.9206769,36.3193231
"332","Australia",2021-02-26,53.24,17.6818674,35.5581326
"333","Australia",2021-02-27,50.46,17.5902857,32.8697143
"334","Australia",2021-02-28,50.46,17.944636,32.515364
"335","Australia",2021-03-01,50.46,18.0362176,32.4237824
"336","Australia",2021-03-02,50.46,18.7688707,31.6911293
"337","Australia",2021-03-03,50.46,19.0436156,31.4163844
"338","Australia",2021-03-04,50.46,15.9908945,34.4691055
"339","Canada",2020-04-01,74.54,40.076279,34.463721
"340","Canada",2020-04-02,74.54,40.4148419,34.1251581
"341","Canada",2020-04-03,74.54,40.3304167,34.2095833
"342","Canada",2020-04-04,72.69,40.2474837,32.4425163
"343","Canada",2020-04-05,72.69,40.6637672,32.0262328
"344","Canada",2020-04-06,72.69,41.2833026,31.4066974
"345","Canada",2020-04-07,72.69,41.6629726,31.0270274
"346","Canada",2020-04-08,72.69,41.5982156,31.0917844
"347","Canada",2020-04-09,72.69,41.7071461,30.9828539
"348","Canada",2020-04-10,72.69,42.4063219,30.2836781
"349","Canada",2020-04-11,72.69,42.5180036,30.1719964
"350","Canada",2020-04-12,72.69,42.5502794,30.1397206
"351","Canada",2020-04-13,72.69,42.6783321,30.0116679
"352","Canada",2020-04-14,72.69,42.7721635,29.9178365
"353","Canada",2020-04-15,72.69,42.838818,29.851182
"354","Canada",2020-04-16,72.69,42.9417623,29.7482377
"355","Canada",2020-04-17,72.69,42.9837779,29.7062221
"356","Canada",2020-04-18,72.69,43.00043,29.68957
"357","Canada",2020-04-19,72.69,43.000284,29.689716
"358","Canada",2020-04-20,72.69,43.1072715,29.5827285
"359","Canada",2020-04-21,72.69,43.0738871,29.6161129
"360","Canada",2020-04-22,72.69,43.7778678,28.9121322
"361","Canada",2020-04-23,72.69,43.0772868,29.6127132
"362","Canada",2020-04-24,72.69,43.0793282,29.6106718
"363","Canada",2020-04-25,72.69,43.0815656,29.6084344
"364","Canada",2020-04-26,72.69,43.0938791,29.5961209
"365","Canada",2020-04-27,72.69,42.5288795,30.1611205
"366","Canada",2020-04-28,72.69,42.604157,30.085843
"367","Canada",2020-04-29,72.69,42.6350287,30.0549713
"368","Canada",2020-04-30,72.69,42.7301249,29.9598751
"369","Canada",2020-05-01,72.69,42.7534039,29.9365961
"370","Canada",2020-05-02,72.69,42.7761752,29.9138248
"371","Canada",2020-05-03,72.69,42.8548929,29.8351071
"372","Canada",2020-05-04,72.69,42.8421972,29.8478028
"373","Canada",2020-05-05,72.69,42.8355532,29.8544468
"374","Canada",2020-05-06,72.69,42.7486554,29.9413446
"375","Canada",2020-05-07,72.69,42.8235298,29.8664702
"376","Canada",2020-05-08,72.69,42.8328565,29.8571435
"377","Canada",2020-05-09,72.69,42.7925198,29.8974802
"378","Canada",2020-05-10,72.69,42.7560708,29.9339292
"379","Canada",2020-05-11,70.83,43.015725,27.814275
"380","Canada",2020-05-12,70.83,43.0718552,27.7581448
"381","Canada",2020-05-13,70.83,43.0665327,27.7634673
"382","Canada",2020-05-14,70.83,43.4124749,27.4175251
"383","Canada",2020-05-15,70.83,43.4624267,27.3675733
"384","Canada",2020-05-16,70.83,43.5203974,27.3096026
"385","Canada",2020-05-17,70.83,43.6067394,27.2232606
"386","Canada",2020-05-18,70.83,43.6790366,27.1509634
"387","Canada",2020-05-19,70.83,43.7608506,27.0691494
"388","Canada",2020-05-20,70.83,43.7990341,27.0309659
"389","Canada",2020-05-21,70.83,43.8475215,26.9824785
"390","Canada",2020-05-22,70.83,43.9615161,26.8684839
"391","Canada",2020-05-23,70.83,44.0342272,26.7957728
"392","Canada",2020-05-24,70.83,44.0370811,26.7929189
"393","Canada",2020-05-25,70.83,44.1583053,26.6716947
"394","Canada",2020-05-26,70.83,44.2220164,26.6079836
"395","Canada",2020-05-27,70.83,44.4251778,26.4048222
"396","Canada",2020-05-28,70.83,44.4255366,26.4044634
"397","Canada",2020-05-29,70.83,44.4533154,26.3766846
"398","Canada",2020-05-30,70.83,44.568455,26.261545
"399","Canada",2020-05-31,70.83,44.6703316,26.1596684
"400","Canada",2020-06-01,70.83,44.6828629,26.1471371
"401","Canada",2020-06-02,70.83,44.7166206,26.1133794
"402","Canada",2020-06-03,70.83,44.8449572,25.9850428
"403","Canada",2020-06-04,70.83,44.882841,25.947159
"404","Canada",2020-06-05,70.83,44.9147857,25.9152143
"405","Canada",2020-06-06,70.83,44.9523132,25.8776868
"406","Canada",2020-06-07,70.83,44.9208625,25.9091375
"407","Canada",2020-06-08,70.83,44.9082367,25.9217633
"408","Canada",2020-06-09,70.83,44.8947064,25.9352936
"409","Canada",2020-06-10,70.83,44.8670626,25.9629374
"410","Canada",2020-06-11,70.83,44.8343482,25.9956518
"411","Canada",2020-06-12,70.83,45.015836,25.814164
"412","Canada",2020-06-13,70.83,45.1662288,25.6637712
"413","Canada",2020-06-14,70.83,45.2827081,25.5472919
"414","Canada",2020-06-15,70.83,45.4847764,25.3452236
"415","Canada",2020-06-16,70.83,45.7155271,25.1144729
"416","Canada",2020-06-17,70.83,45.9986217,24.8313783
"417","Canada",2020-06-18,70.83,46.7750869,24.0549131
"418","Canada",2020-06-19,70.83,46.8610088,23.9689912
"419","Canada",2020-06-20,70.83,46.9209364,23.9090636
"420","Canada",2020-06-21,70.83,46.977917,23.852083
"421","Canada",2020-06-22,68.98,47.0299207,21.9500793
"422","Canada",2020-06-23,68.98,47.1232143,21.8567857
"423","Canada",2020-06-24,68.98,47.3862727,21.5937273
"424","Canada",2020-06-25,68.98,47.5110034,21.4689966
"425","Canada",2020-06-26,68.98,47.5511288,21.4288712
"426","Canada",2020-06-27,68.98,47.5516621,21.4283379
"427","Canada",2020-06-28,68.98,47.6352827,21.3447173
"428","Canada",2020-06-29,68.98,47.7093534,21.2706466
"429","Canada",2020-06-30,68.98,47.7503173,21.2296827
"430","Canada",2020-07-01,68.98,47.864908,21.115092
"431","Canada",2020-07-02,68.98,47.8655972,21.1144028
"432","Canada",2020-07-03,68.98,47.9204603,21.0595397
"433","Canada",2020-07-04,68.98,47.994812,20.985188
"434","Canada",2020-07-05,68.98,48.0500903,20.9299097
"435","Canada",2020-07-06,68.98,48.1264469,20.8535531
"436","Canada",2020-07-07,68.98,48.2614052,20.7185948
"437","Canada",2020-07-08,68.98,48.3804956,20.5995044
"438","Canada",2020-07-09,67.13,48.4359647,18.6940353
"439","Canada",2020-07-10,67.13,48.5637084,18.5662916
"440","Canada",2020-07-11,67.13,48.6406885,18.4893115
"441","Canada",2020-07-12,67.13,48.718732,18.411268
"442","Canada",2020-07-13,67.13,48.8059759,18.3240241
"443","Canada",2020-07-14,67.13,48.7921134,18.3378866
"444","Canada",2020-07-15,67.13,48.780447,18.349553
"445","Canada",2020-07-16,67.13,48.7684716,18.3615284
"446","Canada",2020-07-17,67.13,48.7523483,18.3776517
"447","Canada",2020-07-18,67.13,48.7356809,18.3943191
"448","Canada",2020-07-19,67.13,48.7162801,18.4137199
"449","Canada",2020-07-20,67.13,48.7063249,18.4236751
"450","Canada",2020-07-21,67.13,48.6967357,18.4332643
"451","Canada",2020-07-22,67.13,48.6837673,18.4462327
"452","Canada",2020-07-23,67.13,48.6788003,18.4511997
"453","Canada",2020-07-24,67.13,48.6823492,18.4476508
"454","Canada",2020-07-25,67.13,48.6582912,18.4717088
"455","Canada",2020-07-26,67.13,48.6440577,18.4859423
"456","Canada",2020-07-27,67.13,48.6253706,18.5046294
"457","Canada",2020-07-28,67.13,48.6119509,18.5180491
"458","Canada",2020-07-29,67.13,48.5975562,18.5324438
"459","Canada",2020-07-30,67.13,48.5826371,18.5473629
"460","Canada",2020-07-31,67.13,45.442655,21.687345
"461","Canada",2020-08-01,67.13,45.674766,21.455234
"462","Canada",2020-08-02,67.13,45.6396864,21.4903136
"463","Canada",2020-08-03,67.13,45.6322282,21.4977718
"464","Canada",2020-08-04,67.13,45.6156089,21.5143911
"465","Canada",2020-08-05,67.13,45.6042459,21.5257541
"466","Canada",2020-08-06,67.13,46.0641817,21.0658183
"467","Canada",2020-08-07,67.13,46.0487782,21.0812218
"468","Canada",2020-08-08,67.13,46.049396,21.080604
"469","Canada",2020-08-09,67.13,46.0146956,21.1153044
"470","Canada",2020-08-10,67.13,46.005918,21.124082
"471","Canada",2020-08-11,67.13,45.9965393,21.1334607
"472","Canada",2020-08-12,67.13,45.9988154,21.1311846
"473","Canada",2020-08-13,67.13,45.9810818,21.1489182
"474","Canada",2020-08-14,67.13,45.9507142,21.1792858
"475","Canada",2020-08-15,67.13,45.9440422,21.1859578
"476","Canada",2020-08-16,67.13,45.9201378,21.2098622
"477","Canada",2020-08-17,67.13,45.8981916,21.2318084
"478","Canada",2020-08-18,67.13,45.8994339,21.2305661
"479","Canada",2020-08-19,67.13,45.8882111,21.2417889
"480","Canada",2020-08-20,67.13,45.8719854,21.2580146
"481","Canada",2020-08-21,67.13,45.8611131,21.2688869
"482","Canada",2020-08-22,67.13,45.8465273,21.2834727
"483","Canada",2020-08-23,67.13,45.8265287,21.3034713
"484","Canada",2020-08-24,67.13,45.8168221,21.3131779
"485","Canada",2020-08-25,64.35,45.8112835,18.5387165
"486","Canada",2020-08-26,64.35,45.8057968,18.5442032
"487","Canada",2020-08-27,64.35,45.7989779,18.5510221
"488","Canada",2020-08-28,67.13,45.7848873,21.3451127
"489","Canada",2020-08-29,67.13,45.8093879,21.3206121
"490","Canada",2020-08-30,67.13,45.7901004,21.3398996
"491","Canada",2020-08-31,67.13,45.7844049,21.3455951
"492","Canada",2020-09-01,67.13,45.8175715,21.3124285
"493","Canada",2020-09-02,67.13,45.96881,21.16119
"494","Canada",2020-09-03,67.13,46.458933,20.671067
"495","Canada",2020-09-04,67.13,46.0763077,21.0536923
"496","Canada",2020-09-05,67.13,46.0310187,21.0989813
"497","Canada",2020-09-06,67.13,46.0166037,21.1133963
"498","Canada",2020-09-07,67.13,45.9696107,21.1603893
"499","Canada",2020-09-08,63.43,45.9581691,17.4718309
"500","Canada",2020-09-09,63.43,45.9562006,17.4737994
"501","Canada",2020-09-10,63.43,45.8208572,17.6091428
"502","Canada",2020-09-11,63.43,45.8103947,17.6196053
"503","Canada",2020-09-12,63.43,45.8089857,17.6210143
"504","Canada",2020-09-13,63.43,45.7860902,17.6439098
"505","Canada",2020-09-14,63.43,45.7849883,17.6450117
"506","Canada",2020-09-15,63.43,45.7829384,17.6470616
"507","Canada",2020-09-16,63.43,45.7815,17.6485
"508","Canada",2020-09-17,63.43,45.7773594,17.6526406
"509","Canada",2020-09-18,63.43,45.7746801,17.6553199
"510","Canada",2020-09-19,63.43,45.7649176,17.6650824
"511","Canada",2020-09-20,63.43,45.7572503,17.6727497
"512","Canada",2020-09-21,63.43,45.7585068,17.6714932
"513","Canada",2020-09-22,63.43,45.7640662,17.6659338
"514","Canada",2020-09-23,63.43,45.7579399,17.6720601
"515","Canada",2020-09-24,63.43,45.7549258,17.6750742
"516","Canada",2020-09-25,63.43,45.7474744,17.6825256
"517","Canada",2020-09-26,63.43,45.7474303,17.6825697
"518","Canada",2020-09-27,63.43,45.7452406,17.6847594
"519","Canada",2020-09-28,63.43,45.7419492,17.6880508
"520","Canada",2020-09-29,63.43,45.7470412,17.6829588
"521","Canada",2020-09-30,63.43,45.759919,17.670081
"522","Canada",2020-10-01,63.43,45.7671548,17.6628452
"523","Canada",2020-10-02,63.43,45.7770792,17.6529208
"524","Canada",2020-10-03,63.43,48.9006046,14.5293954
"525","Canada",2020-10-04,63.43,49.0449403,14.3850597
"526","Canada",2020-10-05,63.43,50.4919101,12.9380899
"527","Canada",2020-10-06,63.43,51.2808314,12.1491686
"528","Canada",2020-10-07,63.43,50.6393797,12.7906203
"529","Canada",2020-10-08,63.43,51.4070899,12.0229101
"530","Canada",2020-10-09,63.43,51.4412144,11.9887856
"531","Canada",2020-10-10,63.43,52.4844749,10.9455251
"532","Canada",2020-10-11,63.43,51.808597,11.621403
"533","Canada",2020-10-12,63.43,49.2164746,14.2135254
"534","Canada",2020-10-13,63.43,51.5372236,11.8927764
"535","Canada",2020-10-14,63.43,52.8240024,10.6059976
"536","Canada",2020-10-15,63.43,52.7643571,10.6656429
"537","Canada",2020-10-16,63.43,52.3345047,11.0954953
"538","Canada",2020-10-17,63.43,49.6422377,13.7877623
"539","Canada",2020-10-18,63.43,52.4759083,10.9540917
"540","Canada",2020-10-19,63.43,55.6140542,7.8159458
"541","Canada",2020-10-20,63.43,53.1177995,10.3122005
"542","Canada",2020-10-21,63.43,53.2807677,10.1492323
"543","Canada",2020-10-22,63.43,53.6692716,9.7607284
"544","Canada",2020-10-23,63.43,54.1343255,9.2956745
"545","Canada",2020-10-24,63.43,55.9999468,7.4300532
"546","Canada",2020-10-25,63.43,54.7850649,8.6449351
"547","Canada",2020-10-26,63.43,55.8708784,7.5591216
"548","Canada",2020-10-27,63.43,56.5392029,6.8907971
"549","Canada",2020-10-28,63.43,56.5209525,6.9090475
"550","Canada",2020-10-29,63.43,57.1171127,6.31288730000001
"551","Canada",2020-10-30,63.43,58.0067818,5.4232182
"552","Canada",2020-10-31,63.43,59.136983,4.293017
"553","Canada",2020-11-01,63.43,58.4934479,4.93655210000001
"554","Canada",2020-11-02,63.43,57.7529832,5.6770168
"555","Canada",2020-11-03,63.43,60.4537503,2.9762497
"556","Canada",2020-11-04,63.43,58.2478269,5.1821731
"557","Canada",2020-11-05,63.43,57.9282238,5.5017762
"558","Canada",2020-11-06,67.13,62.7908469,4.3391531
"559","Canada",2020-11-07,67.13,65.4310788,1.6989212
"560","Canada",2020-11-08,67.13,67.5816128,-0.451612800000007
"561","Canada",2020-11-09,67.13,69.3834028,-2.2534028
"562","Canada",2020-11-10,67.13,69.0508604,-1.92086040000001
"563","Canada",2020-11-11,67.13,70.6786744,-3.5486744
"564","Canada",2020-11-12,67.13,74.3837955,-7.25379550000001
"565","Canada",2020-11-13,67.13,73.5425825,-6.4125825
"566","Canada",2020-11-14,67.13,73.6012538,-6.4712538
"567","Canada",2020-11-15,67.13,74.0811398,-6.95113979999999
"568","Canada",2020-11-16,67.13,75.6317848,-8.50178480000001
"569","Canada",2020-11-17,67.13,75.6648537,-8.5348537
"570","Canada",2020-11-18,70.83,76.3806413,-5.5506413
"571","Canada",2020-11-19,70.83,75.4874616,-4.6574616
"572","Canada",2020-11-20,70.83,75.7820455,-4.9520455
"573","Canada",2020-11-21,70.83,76.4840967,-5.65409670000001
"574","Canada",2020-11-22,70.83,77.0777986,-6.24779860000001
"575","Canada",2020-11-23,70.83,78.0964385,-7.26643850000001
"576","Canada",2020-11-24,70.83,79.1851873,-8.35518730000001
"577","Canada",2020-11-25,70.83,79.7637596,-8.9337596
"578","Canada",2020-11-26,70.83,80.9391873,-10.1091873
"579","Canada",2020-11-27,70.83,82.2180053,-11.3880053
"580","Canada",2020-11-28,70.83,83.1682445,-12.3382445
"581","Canada",2020-11-29,70.83,84.0124036,-13.1824036
"582","Canada",2020-11-30,70.83,85.4676713,-14.6376713
"583","Canada",2020-12-01,70.83,85.7504533,-14.9204533
"584","Canada",2020-12-02,70.83,87.7204239,-16.8904239
"585","Canada",2020-12-03,70.83,88.470758,-17.640758
"586","Canada",2020-12-04,70.83,89.0806947,-18.2506947
"587","Canada",2020-12-05,70.83,89.9772482,-19.1472482
"588","Canada",2020-12-06,70.83,91.1868206,-20.3568206
"589","Canada",2020-12-07,70.83,90.960821,-20.130821
"590","Canada",2020-12-08,70.83,91.8527854,-21.0227854
"591","Canada",2020-12-09,70.83,91.7788844,-20.9488844
"592","Canada",2020-12-10,70.83,92.3273764,-21.4973764
"593","Canada",2020-12-11,70.83,92.7185761,-21.8885761
"594","Canada",2020-12-12,70.83,92.2320471,-21.4020471
"595","Canada",2020-12-13,70.83,91.7208319,-20.8908319
"596","Canada",2020-12-14,70.83,92.5742959,-21.7442959
"597","Canada",2020-12-15,70.83,92.6562322,-21.8262322
"598","Canada",2020-12-16,70.83,92.8066909,-21.9766909
"599","Canada",2020-12-17,70.83,93.230333,-22.400333
"600","Canada",2020-12-18,70.83,93.2113979,-22.3813979
"601","Canada",2020-12-19,70.83,93.8390629,-23.0090629
"602","Canada",2020-12-20,70.83,93.9597223,-23.1297223
"603","Canada",2020-12-21,70.83,92.8776109,-22.0476109
"604","Canada",2020-12-22,70.83,92.6767564,-21.8467564
"605","Canada",2020-12-23,70.83,93.1135163,-22.2835163
"606","Canada",2020-12-24,70.83,92.6034796,-21.7734796
"607","Canada",2020-12-25,70.83,85.4792024,-14.6492024
"608","Canada",2020-12-26,70.83,80.5522882,-9.72228819999999
"609","Canada",2020-12-27,70.83,86.2853958,-15.4553958
"610","Canada",2020-12-28,70.83,84.6451066,-13.8151066
"611","Canada",2020-12-29,70.83,87.4444114,-16.6144114
"612","Canada",2020-12-30,70.83,89.6765556,-18.8465556
"613","Canada",2020-12-31,70.83,90.3446926,-19.5146926
"614","Canada",2021-01-01,70.83,89.2460061,-18.4160061
"615","Canada",2021-01-02,70.83,91.3025445,-20.4725445
"616","Canada",2021-01-03,70.83,100,-29.17
"617","Canada",2021-01-04,70.83,100,-29.17
"618","Canada",2021-01-05,70.83,100,-29.17
"619","Canada",2021-01-06,73.61,100,-26.39
"620","Canada",2021-01-07,73.61,100,-26.39
"621","Canada",2021-01-08,73.61,100,-26.39
"622","Canada",2021-01-09,75.46,100,-24.54
"623","Canada",2021-01-10,75.46,100,-24.54
"624","Canada",2021-01-11,75.46,100,-24.54
"625","Canada",2021-01-12,75.46,100,-24.54
"626","Canada",2021-01-13,75.46,100,-24.54
"627","Canada",2021-01-14,75.46,100,-24.54
"628","Canada",2021-01-15,75.46,99.6032023,-24.1432023
"629","Canada",2021-01-16,75.46,96.6622139,-21.2022139
"630","Canada",2021-01-17,75.46,95.2183152,-19.7583152
"631","Canada",2021-01-18,75.46,92.4653243,-17.0053243
"632","Canada",2021-01-19,75.46,90.8572685,-15.3972685
"633","Canada",2021-01-20,75.46,88.7797843,-13.3197843
"634","Canada",2021-01-21,75.46,86.8498232,-11.3898232
"635","Canada",2021-01-22,75.46,85.3289264,-9.86892640000001
"636","Canada",2021-01-23,75.46,83.504297,-8.04429700000001
"637","Canada",2021-01-24,75.46,81.1872909,-5.7272909
"638","Canada",2021-01-25,75.46,80.0982175,-4.63821750000001
"639","Canada",2021-01-26,75.46,78.80196,-3.34196000000001
"640","Canada",2021-01-27,75.46,76.8462706,-1.3862706
"641","Canada",2021-01-28,75.46,75.1362891,0.323710899999995
"642","Canada",2021-01-29,75.46,73.8016299,1.6583701
"643","Canada",2021-01-30,75.46,72.4869692,2.9730308
"644","Canada",2021-01-31,75.46,71.5220604,3.93793959999999
"645","Canada",2021-02-01,75.46,70.3702515,5.08974849999998
"646","Canada",2021-02-02,75.46,68.8529057,6.6070943
"647","Canada",2021-02-03,75.46,67.3910895,8.06891049999999
"648","Canada",2021-02-04,75.46,66.2471802,9.21281979999999
"649","Canada",2021-02-05,75.46,65.2879067,10.1720933
"650","Canada",2021-02-06,75.46,64.1134561,11.3465439
"651","Canada",2021-02-07,75.46,63.1055942,12.3544058
"652","Canada",2021-02-08,75.46,62.1352148,13.3247852
"653","Canada",2021-02-09,75.46,61.7673314,13.6926686
"654","Canada",2021-02-10,75.46,61.7687196,13.6912804
"655","Canada",2021-02-11,75.46,60.6511868,14.8088132
"656","Canada",2021-02-12,75.46,58.6285219,16.8314781
"657","Canada",2021-02-13,75.46,59.3684535,16.0915465
"658","Canada",2021-02-14,75.46,58.0223558,17.4376442
"659","Canada",2021-02-15,75.46,55.2330096,20.2269904
"660","Canada",2021-02-16,75.46,57.379947,18.080053
"661","Canada",2021-02-17,75.46,56.400841,19.059159
"662","Canada",2021-02-18,75.46,56.7581386,18.7018614
"663","Canada",2021-02-19,75.46,57.3176277,18.1423723
"664","Canada",2021-02-20,75.46,55.7486492,19.7113508
"665","Canada",2021-02-21,75.46,56.0491484,19.4108516
"666","Canada",2021-02-22,75.46,58.3972335,17.0627665
"667","Canada",2021-02-23,75.46,57.0338012,18.4261988
"668","Canada",2021-02-24,75.46,57.639884,17.820116
"669","Canada",2021-02-25,75.46,57.2897484,18.1702516
"670","Canada",2021-02-26,75.46,57.4408078,18.0191922
"671","Canada",2021-02-27,75.46,57.472498,17.987502
"672","Canada",2021-02-28,75.46,57.3898278,18.0701722
"673","Canada",2021-03-01,75.46,57.7218866,17.7381134
"674","Canada",2021-03-02,75.46,56.964076,18.495924
"675","Canada",2021-03-03,75.46,56.7422442,18.7177558
"676","Canada",2021-03-04,75.46,46.3858662,29.0741338
"677","Ireland",2020-04-01,85.19,67.0883173,18.1016827
"678","Ireland",2020-04-02,85.19,68.3813389,16.8086611
"679","Ireland",2020-04-03,85.19,69.2302177,15.9597823
"680","Ireland",2020-04-04,85.19,69.5082024,15.6817976
"681","Ireland",2020-04-05,85.19,70.8024996,14.3875004
"682","Ireland",2020-04-06,90.74,55.5100823,35.2299177
"683","Ireland",2020-04-07,90.74,55.9245653,34.8154347
"684","Ireland",2020-04-08,90.74,57.357394,33.382606
"685","Ireland",2020-04-09,90.74,58.332239,32.407761
"686","Ireland",2020-04-10,90.74,69.8651089,20.8748911
"687","Ireland",2020-04-11,90.74,75.0314792,15.7085208
"688","Ireland",2020-04-12,90.74,78.447648,12.292352
"689","Ireland",2020-04-13,90.74,84.7461646,5.99383539999999
"690","Ireland",2020-04-14,90.74,89.680377,1.059623
"691","Ireland",2020-04-15,90.74,96.7670547,-6.02705470000001
"692","Ireland",2020-04-16,90.74,99.0173684,-8.27736840000001
"693","Ireland",2020-04-17,90.74,90.9305018,-0.190501800000007
"694","Ireland",2020-04-18,90.74,90.3295317,0.410468299999991
"695","Ireland",2020-04-19,90.74,87.9903943,2.7496057
"696","Ireland",2020-04-20,90.74,82.0875118,8.65248819999999
"697","Ireland",2020-04-21,90.74,77.6145202,13.1254798
"698","Ireland",2020-04-22,90.74,73.2401029,17.4998971
"699","Ireland",2020-04-23,90.74,75.3947056,15.3452944
"700","Ireland",2020-04-24,90.74,74.0635557,16.6764443
"701","Ireland",2020-04-25,90.74,70.0274177,20.7125823
"702","Ireland",2020-04-26,90.74,72.0874626,18.6525374
"703","Ireland",2020-04-27,90.74,71.5681241,19.1718759
"704","Ireland",2020-04-28,90.74,69.9212811,20.8187189
"705","Ireland",2020-04-29,90.74,67.3104413,23.4295587
"706","Ireland",2020-04-30,90.74,61.4300724,29.3099276
"707","Ireland",2020-05-01,90.74,57.8716856,32.8683144
"708","Ireland",2020-05-02,90.74,57.5777263,33.1622737
"709","Ireland",2020-05-03,90.74,53.8160941,36.9239059
"710","Ireland",2020-05-04,90.74,52.5334754,38.2065246
"711","Ireland",2020-05-05,90.74,52.3093415,38.4306585
"712","Ireland",2020-05-06,90.74,51.0637564,39.6762436
"713","Ireland",2020-05-07,90.74,48.8626165,41.8773835
"714","Ireland",2020-05-08,90.74,48.1433672,42.5966328
"715","Ireland",2020-05-09,90.74,47.9958425,42.7441575
"716","Ireland",2020-05-10,90.74,47.9840255,42.7559745
"717","Ireland",2020-05-11,90.74,47.9120141,42.8279859
"718","Ireland",2020-05-12,90.74,47.8117791,42.9282209
"719","Ireland",2020-05-13,90.74,47.9534679,42.7865321
"720","Ireland",2020-05-14,90.74,48.0894296,42.6505704
"721","Ireland",2020-05-15,90.74,48.0506498,42.6893502
"722","Ireland",2020-05-16,90.74,47.9902556,42.7497444
"723","Ireland",2020-05-17,90.74,47.9197171,42.8202829
"724","Ireland",2020-05-18,83.33,45.8268168,37.5031832
"725","Ireland",2020-05-19,83.33,45.8056791,37.5243209
"726","Ireland",2020-05-20,83.33,45.7701945,37.5598055
"727","Ireland",2020-05-21,83.33,45.7219121,37.6080879
"728","Ireland",2020-05-22,83.33,45.7130537,37.6169463
"729","Ireland",2020-05-23,83.33,45.6782676,37.6517324
"730","Ireland",2020-05-24,83.33,45.629545,37.700455
"731","Ireland",2020-05-25,83.33,45.8624148,37.4675852
"732","Ireland",2020-05-26,83.33,45.9824622,37.3475378
"733","Ireland",2020-05-27,83.33,46.1159441,37.2140559
"734","Ireland",2020-05-28,83.33,46.2204968,37.1095032
"735","Ireland",2020-05-29,83.33,46.3267161,37.0032839
"736","Ireland",2020-05-30,83.33,46.3892055,36.9407945
"737","Ireland",2020-05-31,83.33,46.803798,36.526202
"738","Ireland",2020-06-01,83.33,46.8149238,36.5150762
"739","Ireland",2020-06-02,83.33,45.4699948,37.8600052
"740","Ireland",2020-06-03,83.33,43.744825,39.585175
"741","Ireland",2020-06-04,83.33,44.027324,39.302676
"742","Ireland",2020-06-05,72.22,41.8965738,30.3234262
"743","Ireland",2020-06-06,72.22,39.3453028,32.8746972
"744","Ireland",2020-06-07,72.22,36.0173771,36.2026229
"745","Ireland",2020-06-08,72.22,30.9567168,41.2632832
"746","Ireland",2020-06-09,72.22,31.2543435,40.9656565
"747","Ireland",2020-06-10,72.22,29.0131483,43.2068517
"748","Ireland",2020-06-11,72.22,27.1474056,45.0725944
"749","Ireland",2020-06-12,72.22,26.4676037,45.7523963
"750","Ireland",2020-06-13,72.22,28.7178428,43.5021572
"751","Ireland",2020-06-14,72.22,28.0992053,44.1207947
"752","Ireland",2020-06-15,72.22,29.1405882,43.0794118
"753","Ireland",2020-06-16,72.22,29.6733069,42.5466931
"754","Ireland",2020-06-17,72.22,29.1930624,43.0269376
"755","Ireland",2020-06-18,72.22,29.888788,42.331212
"756","Ireland",2020-06-19,72.22,30.0148908,42.2051092
"757","Ireland",2020-06-20,72.22,26.9234249,45.2965751
"758","Ireland",2020-06-21,72.22,26.8913883,45.3286117
"759","Ireland",2020-06-22,72.22,26.0553027,46.1646973
"760","Ireland",2020-06-23,72.22,25.8781194,46.3418806
"761","Ireland",2020-06-24,72.22,25.8600876,46.3599124
"762","Ireland",2020-06-25,72.22,25.4454978,46.7745022
"763","Ireland",2020-06-26,38.89,23.0280933,15.8619067
"764","Ireland",2020-06-27,38.89,24.394462,14.495538
"765","Ireland",2020-06-28,38.89,24.1345457,14.7554543
"766","Ireland",2020-06-29,38.89,25.6626367,13.2273633
"767","Ireland",2020-06-30,38.89,25.8973847,12.9926153
"768","Ireland",2020-07-01,38.89,25.8058053,13.0841947
"769","Ireland",2020-07-02,38.89,26.0411228,12.8488772
"770","Ireland",2020-07-03,38.89,26.0107629,12.8792371
"771","Ireland",2020-07-04,38.89,25.1400706,13.7499294
"772","Ireland",2020-07-05,38.89,26.5676179,12.3223821
"773","Ireland",2020-07-06,38.89,25.128175,13.761825
"774","Ireland",2020-07-07,38.89,25.0625898,13.8274102
"775","Ireland",2020-07-08,38.89,25.2754199,13.6145801
"776","Ireland",2020-07-09,38.89,26.332205,12.557795
"777","Ireland",2020-07-10,38.89,27.6708265,11.2191735
"778","Ireland",2020-07-11,38.89,28.7299524,10.1600476
"779","Ireland",2020-07-12,38.89,28.7445727,10.1454273
"780","Ireland",2020-07-13,38.89,29.4061425,9.4838575
"781","Ireland",2020-07-14,38.89,31.5297981,7.3602019
"782","Ireland",2020-07-15,38.89,32.2858285,6.6041715
"783","Ireland",2020-07-16,38.89,31.5975674,7.2924326
"784","Ireland",2020-07-17,38.89,32.3676836,6.5223164
"785","Ireland",2020-07-18,38.89,32.3996718,6.4903282
"786","Ireland",2020-07-19,38.89,31.9536012,6.9363988
"787","Ireland",2020-07-20,38.89,31.5875859,7.3024141
"788","Ireland",2020-07-21,38.89,31.9174966,6.9725034
"789","Ireland",2020-07-22,38.89,32.2525972,6.6374028
"790","Ireland",2020-07-23,38.89,31.7342602,7.1557398
"791","Ireland",2020-07-24,38.89,30.7591436,8.1308564
"792","Ireland",2020-07-25,38.89,31.1363447,7.7536553
"793","Ireland",2020-07-26,38.89,31.3913103,7.4986897
"794","Ireland",2020-07-27,38.89,31.9001935,6.9898065
"795","Ireland",2020-07-28,38.89,32.2074919,6.6825081
"796","Ireland",2020-07-29,38.89,32.0519573,6.8380427
"797","Ireland",2020-07-30,38.89,39.0081182,-0.118118200000005
"798","Ireland",2020-07-31,38.89,40.681222,-1.791222
"799","Ireland",2020-08-01,38.89,42.4649507,-3.5749507
"800","Ireland",2020-08-02,38.89,46.1223205,-7.2323205
"801","Ireland",2020-08-03,38.89,49.3822928,-10.4922928
"802","Ireland",2020-08-04,38.89,50.2719808,-11.3819808
"803","Ireland",2020-08-05,38.89,52.7947985,-13.9047985
"804","Ireland",2020-08-06,38.89,52.7976262,-13.9076262
"805","Ireland",2020-08-07,38.89,53.2936704,-14.4036704
"806","Ireland",2020-08-08,64.35,53.3403637,11.0096363
"807","Ireland",2020-08-09,64.35,53.3110884,11.0389116
"808","Ireland",2020-08-10,64.35,53.3084715,11.0415285
"809","Ireland",2020-08-11,64.35,53.3000111,11.0499889
"810","Ireland",2020-08-12,64.35,53.3134427,11.0365573
"811","Ireland",2020-08-13,64.35,53.2967563,11.0532437
"812","Ireland",2020-08-14,64.35,53.2299484,11.1200516
"813","Ireland",2020-08-15,64.35,53.2277821,11.1222179
"814","Ireland",2020-08-16,64.35,53.0383291,11.3116709
"815","Ireland",2020-08-17,64.35,52.8823789,11.4676211
"816","Ireland",2020-08-18,67.13,52.8518119,14.2781881
"817","Ireland",2020-08-19,67.13,52.769059,14.360941
"818","Ireland",2020-08-20,67.13,52.7482456,14.3817544
"819","Ireland",2020-08-21,67.13,52.7239379,14.4060621
"820","Ireland",2020-08-22,67.13,52.7024118,14.4275882
"821","Ireland",2020-08-23,67.13,52.6825304,14.4474696
"822","Ireland",2020-08-24,67.13,52.6781276,14.4518724
"823","Ireland",2020-08-25,67.13,52.6746129,14.4553871
"824","Ireland",2020-08-26,67.13,52.6694119,14.4605881
"825","Ireland",2020-08-27,67.13,52.6517523,14.4782477
"826","Ireland",2020-08-28,67.13,52.6321431,14.4978569
"827","Ireland",2020-08-29,67.13,52.6196519,14.5103481
"828","Ireland",2020-08-30,67.13,52.5987879,14.5312121
"829","Ireland",2020-08-31,67.13,52.5837981,14.5462019
"830","Ireland",2020-09-01,67.13,52.5902377,14.5397623
"831","Ireland",2020-09-02,67.13,52.5845519,14.5454481
"832","Ireland",2020-09-03,67.13,52.5754969,14.5545031
"833","Ireland",2020-09-04,67.13,52.5475556,14.5824444
"834","Ireland",2020-09-05,67.13,52.5381977,14.5918023
"835","Ireland",2020-09-06,67.13,52.5200963,14.6099037
"836","Ireland",2020-09-07,67.13,52.5155171,14.6144829
"837","Ireland",2020-09-08,67.13,52.5294252,14.6005748
"838","Ireland",2020-09-09,67.13,52.5192942,14.6107058
"839","Ireland",2020-09-10,67.13,52.507393,14.622607
"840","Ireland",2020-09-11,67.13,52.4950707,14.6349293
"841","Ireland",2020-09-12,67.13,52.4812922,14.6487078
"842","Ireland",2020-09-13,67.13,52.4722592,14.6577408
"843","Ireland",2020-09-14,67.13,52.4700356,14.6599644
"844","Ireland",2020-09-15,67.13,52.4791242,14.6508758
"845","Ireland",2020-09-16,67.13,52.4759582,14.6540418
"846","Ireland",2020-09-17,67.13,52.4649881,14.6650119
"847","Ireland",2020-09-18,60.65,52.4673738,8.1826262
"848","Ireland",2020-09-19,60.65,53.6990965,6.9509035
"849","Ireland",2020-09-20,60.65,55.1309424,5.5190576
"850","Ireland",2020-09-21,52.31,55.0176913,-2.7076913
"851","Ireland",2020-09-22,52.31,54.6058259,-2.2958259
"852","Ireland",2020-09-23,52.31,54.4201319,-2.1101319
"853","Ireland",2020-09-24,52.31,55.2954065,-2.9854065
"854","Ireland",2020-09-25,52.31,55.9595299,-3.6495299
"855","Ireland",2020-09-26,52.31,55.7556472,-3.4456472
"856","Ireland",2020-09-27,52.31,56.0790435,-3.7690435
"857","Ireland",2020-09-28,52.31,57.9287835,-5.6187835
"858","Ireland",2020-09-29,52.31,58.3019927,-5.9919927
"859","Ireland",2020-09-30,52.31,59.9919368,-7.6819368
"860","Ireland",2020-10-01,52.31,60.7340459,-8.4240459
"861","Ireland",2020-10-02,52.31,62.0979497,-9.7879497
"862","Ireland",2020-10-03,52.31,65.4769333,-13.1669333
"863","Ireland",2020-10-04,52.31,64.8348984,-12.5248984
"864","Ireland",2020-10-05,52.31,65.9815531,-13.6715531
"865","Ireland",2020-10-06,52.31,66.4363433,-14.1263433
"866","Ireland",2020-10-07,55.09,68.1416984,-13.0516984
"867","Ireland",2020-10-08,55.09,68.7126802,-13.6226802
"868","Ireland",2020-10-09,55.09,70.110655,-15.020655
"869","Ireland",2020-10-10,55.09,73.8709169,-18.7809169
"870","Ireland",2020-10-11,55.09,78.1581034,-23.0681034
"871","Ireland",2020-10-12,55.09,81.0480464,-25.9580464
"872","Ireland",2020-10-13,55.09,84.6340678,-29.5440678
"873","Ireland",2020-10-14,55.09,89.0937854,-34.0037854
"874","Ireland",2020-10-15,55.09,95.6452723,-40.5552723
"875","Ireland",2020-10-16,55.09,99.3152839,-44.2252839
"876","Ireland",2020-10-17,55.09,100,-44.91
"877","Ireland",2020-10-18,55.09,100,-44.91
"878","Ireland",2020-10-19,55.09,100,-44.91
"879","Ireland",2020-10-20,55.09,100,-44.91
"880","Ireland",2020-10-21,81.48,100,-18.52
"881","Ireland",2020-10-22,81.48,100,-18.52
"882","Ireland",2020-10-23,81.48,100,-18.52
"883","Ireland",2020-10-24,81.48,100,-18.52
"884","Ireland",2020-10-25,81.48,100,-18.52
"885","Ireland",2020-10-26,81.48,100,-18.52
"886","Ireland",2020-10-27,81.48,97.0283777,-15.5483777
"887","Ireland",2020-10-28,81.48,91.8076901,-10.3276901
"888","Ireland",2020-10-29,81.48,89.7945885,-8.3145885
"889","Ireland",2020-10-30,81.48,89.5561522,-8.0761522
"890","Ireland",2020-10-31,81.48,84.8236223,-3.34362229999999
"891","Ireland",2020-11-01,81.48,79.8312666,1.64873340000001
"892","Ireland",2020-11-02,81.48,77.8181538,3.6618462
"893","Ireland",2020-11-03,81.48,73.5991717,7.8808283
"894","Ireland",2020-11-04,81.48,71.161484,10.318516
"895","Ireland",2020-11-05,81.48,68.0157663,13.4642337
"896","Ireland",2020-11-06,81.48,65.1867229,16.2932771
"897","Ireland",2020-11-07,81.48,64.3467681,17.1332319
"898","Ireland",2020-11-08,81.48,64.2763876,17.2036124
"899","Ireland",2020-11-09,81.48,59.2081347,22.2718653
"900","Ireland",2020-11-10,81.48,58.4961266,22.9838734
"901","Ireland",2020-11-11,81.48,57.6916834,23.7883166
"902","Ireland",2020-11-12,81.48,55.8255478,25.6544522
"903","Ireland",2020-11-13,81.48,55.5679757,25.9120243
"904","Ireland",2020-11-14,81.48,56.7254436,24.7545564
"905","Ireland",2020-11-15,81.48,55.0259528,26.4540472
"906","Ireland",2020-11-16,81.48,57.0041963,24.4758037
"907","Ireland",2020-11-17,81.48,58.0586476,23.4213524
"908","Ireland",2020-11-18,81.48,58.2093942,23.2706058
"909","Ireland",2020-11-19,81.48,58.5293363,22.9506637
"910","Ireland",2020-11-20,81.48,57.0815312,24.3984688
"911","Ireland",2020-11-21,81.48,56.1792207,25.3007793
"912","Ireland",2020-11-22,81.48,55.5620257,25.9179743
"913","Ireland",2020-11-23,81.48,53.4370853,28.0429147
"914","Ireland",2020-11-24,81.48,52.2766243,29.2033757
"915","Ireland",2020-11-25,81.48,51.0725209,30.4074791
"916","Ireland",2020-11-26,81.48,49.9454903,31.5345097
"917","Ireland",2020-11-27,81.48,48.6447321,32.8352679
"918","Ireland",2020-11-28,81.48,47.6151282,33.8648718
"919","Ireland",2020-11-29,81.48,47.4153305,34.0646695
"920","Ireland",2020-11-30,81.48,47.9781275,33.5018725
"921","Ireland",2020-12-01,81.48,48.4814054,32.9985946
"922","Ireland",2020-12-02,81.48,48.6008722,32.8791278
"923","Ireland",2020-12-03,81.48,47.0781911,34.4018089
"924","Ireland",2020-12-04,72.22,47.6807238,24.5392762
"925","Ireland",2020-12-05,72.22,49.9195316,22.3004684
"926","Ireland",2020-12-06,72.22,49.9080573,22.3119427
"927","Ireland",2020-12-07,72.22,49.0580855,23.1619145
"928","Ireland",2020-12-08,72.22,48.6360256,23.5839744
"929","Ireland",2020-12-09,72.22,48.1079677,24.1120323
"930","Ireland",2020-12-10,72.22,49.5794168,22.6405832
"931","Ireland",2020-12-11,72.22,50.0362743,22.1837257
"932","Ireland",2020-12-12,72.22,47.9237807,24.2962193
"933","Ireland",2020-12-13,72.22,49.2926794,22.9273206
"934","Ireland",2020-12-14,72.22,49.7307925,22.4892075
"935","Ireland",2020-12-15,72.22,51.0390473,21.1809527
"936","Ireland",2020-12-16,72.22,53.2716821,18.9483179
"937","Ireland",2020-12-17,72.22,55.1607733,17.0592267
"938","Ireland",2020-12-18,72.22,57.9852641,14.2347359
"939","Ireland",2020-12-19,72.22,60.898438,11.321562
"940","Ireland",2020-12-20,72.22,64.4311587,7.7888413
"941","Ireland",2020-12-21,72.22,69.2732822,2.9467178
"942","Ireland",2020-12-22,75,72.979322,2.020678
"943","Ireland",2020-12-23,75,78.8355067,-3.8355067
"944","Ireland",2020-12-24,68.52,83.888926,-15.368926
"945","Ireland",2020-12-25,68.52,88.8292492,-20.3092492
"946","Ireland",2020-12-26,68.52,97.8855877,-29.3655877
"947","Ireland",2020-12-27,80.56,97.4852627,-16.9252627
"948","Ireland",2020-12-28,80.56,97.9688504,-17.4088504
"949","Ireland",2020-12-29,80.56,100,-19.44
"950","Ireland",2020-12-30,84.26,100,-15.74
"951","Ireland",2020-12-31,84.26,100,-15.74
"952","Ireland",2021-01-01,87.96,100,-12.04
"953","Ireland",2021-01-02,87.96,100,-12.04
"954","Ireland",2021-01-03,87.96,100,-12.04
"955","Ireland",2021-01-04,87.96,100,-12.04
"956","Ireland",2021-01-05,87.96,100,-12.04
"957","Ireland",2021-01-06,87.96,100,-12.04
"958","Ireland",2021-01-07,87.96,100,-12.04
"959","Ireland",2021-01-08,87.96,100,-12.04
"960","Ireland",2021-01-09,85.19,100,-14.81
"961","Ireland",2021-01-10,85.19,100,-14.81
"962","Ireland",2021-01-11,85.19,100,-14.81
"963","Ireland",2021-01-12,85.19,100,-14.81
"964","Ireland",2021-01-13,85.19,100,-14.81
"965","Ireland",2021-01-14,85.19,100,-14.81
"966","Ireland",2021-01-15,85.19,100,-14.81
"967","Ireland",2021-01-16,85.19,100,-14.81
"968","Ireland",2021-01-17,85.19,100,-14.81
"969","Ireland",2021-01-18,85.19,100,-14.81
"970","Ireland",2021-01-19,85.19,100,-14.81
"971","Ireland",2021-01-20,85.19,100,-14.81
"972","Ireland",2021-01-21,85.19,100,-14.81
"973","Ireland",2021-01-22,85.19,100,-14.81
"974","Ireland",2021-01-23,85.19,100,-14.81
"975","Ireland",2021-01-24,85.19,100,-14.81
"976","Ireland",2021-01-25,85.19,100,-14.81
"977","Ireland",2021-01-26,87.96,100,-12.04
"978","Ireland",2021-01-27,87.96,100,-12.04
"979","Ireland",2021-01-28,87.96,100,-12.04
"980","Ireland",2021-01-29,87.96,100,-12.04
"981","Ireland",2021-01-30,87.96,100,-12.04
"982","Ireland",2021-01-31,87.96,100,-12.04
"983","Ireland",2021-02-01,87.96,100,-12.04
"984","Ireland",2021-02-02,87.96,100,-12.04
"985","Ireland",2021-02-03,87.96,100,-12.04
"986","Ireland",2021-02-04,87.96,100,-12.04
"987","Ireland",2021-02-05,87.96,100,-12.04
"988","Ireland",2021-02-06,87.96,100,-12.04
"989","Ireland",2021-02-07,87.96,100,-12.04
"990","Ireland",2021-02-08,87.96,100,-12.04
"991","Ireland",2021-02-09,87.96,96.6778267,-8.7178267
"992","Ireland",2021-02-10,87.96,96.5961504,-8.63615040000001
"993","Ireland",2021-02-11,87.96,91.2274173,-3.26741730000001
"994","Ireland",2021-02-12,87.96,90.0425629,-2.08256290000001
"995","Ireland",2021-02-13,87.96,93.50065,-5.54065
"996","Ireland",2021-02-14,87.96,90.7220698,-2.76206980000001
"997","Ireland",2021-02-15,87.96,90.6218163,-2.66181630000001
"998","Ireland",2021-02-16,87.96,92.6162777,-4.65627770000002
"999","Ireland",2021-02-17,87.96,88.329539,-0.369539000000003
"1000","Ireland",2021-02-18,87.96,88.7330811,-0.773081099999999
"1001","Ireland",2021-02-19,87.96,86.7681434,1.19185659999999
"1002","Ireland",2021-02-20,87.96,85.605063,2.35493699999999
"1003","Ireland",2021-02-21,87.96,84.3346361,3.62536389999998
"1004","Ireland",2021-02-22,87.96,82.7441241,5.21587589999999
"1005","Ireland",2021-02-23,87.96,80.9155685,7.04443149999999
"1006","Ireland",2021-02-24,87.96,79.751055,8.20894499999999
"1007","Ireland",2021-02-25,87.96,76.7138314,11.2461686
"1008","Ireland",2021-02-26,87.96,76.94987,11.01013
"1009","Ireland",2021-02-27,87.96,73.9959285,13.9640715
"1010","Ireland",2021-02-28,87.96,73.2014252,14.7585748
"1011","Ireland",2021-03-01,84.26,73.1421339,11.1178661
"1012","Ireland",2021-03-02,84.26,70.7704825,13.4895175
"1013","Ireland",2021-03-03,84.26,70.9957894,13.2642106
"1014","Ireland",2021-03-04,84.26,47.1863856,37.0736144
"1015","New Zealand",2020-04-01,96.3,31.8208186,64.4791814
"1016","New Zealand",2020-04-02,96.3,31.7929323,64.5070677
"1017","New Zealand",2020-04-03,96.3,31.5217668,64.7782332
"1018","New Zealand",2020-04-04,96.3,31.5227979,64.7772021
"1019","New Zealand",2020-04-05,96.3,31.6033241,64.6966759
"1020","New Zealand",2020-04-06,96.3,32.3131424,63.9868576
"1021","New Zealand",2020-04-07,96.3,32.4637348,63.8362652
"1022","New Zealand",2020-04-08,96.3,32.3463731,63.9536269
"1023","New Zealand",2020-04-09,96.3,32.2713499,64.0286501
"1024","New Zealand",2020-04-10,96.3,33.2251482,63.0748518
"1025","New Zealand",2020-04-11,96.3,33.2860379,63.0139621
"1026","New Zealand",2020-04-12,96.3,29.1077329,67.1922671
"1027","New Zealand",2020-04-13,96.3,25.785549,70.514451
"1028","New Zealand",2020-04-14,96.3,23.1729174,73.1270826
"1029","New Zealand",2020-04-15,96.3,21.0056436,75.2943564
"1030","New Zealand",2020-04-16,96.3,19.9514172,76.3485828
"1031","New Zealand",2020-04-17,96.3,17.2779385,79.0220615
"1032","New Zealand",2020-04-18,96.3,16.0956612,80.2043388
"1033","New Zealand",2020-04-19,96.3,15.4196647,80.8803353
"1034","New Zealand",2020-04-20,96.3,14.6542203,81.6457797
"1035","New Zealand",2020-04-21,96.3,13.5111516,82.7888484
"1036","New Zealand",2020-04-22,96.3,12.4347813,83.8652187
"1037","New Zealand",2020-04-23,96.3,11.5382928,84.7617072
"1038","New Zealand",2020-04-24,96.3,11.2325277,85.0674723
"1039","New Zealand",2020-04-25,96.3,10.9337472,85.3662528
"1040","New Zealand",2020-04-26,96.3,10.2017725,86.0982275
"1041","New Zealand",2020-04-27,96.3,9.4055,86.8945
"1042","New Zealand",2020-04-28,87.04,9.1251117,77.9148883
"1043","New Zealand",2020-04-29,83.33,8.7946663,74.5353337
"1044","New Zealand",2020-04-30,83.33,8.5996473,74.7303527
"1045","New Zealand",2020-05-01,83.33,8.628789,74.701211
"1046","New Zealand",2020-05-02,83.33,8.1498988,75.1801012
"1047","New Zealand",2020-05-03,83.33,8.2539339,75.0760661
"1048","New Zealand",2020-05-04,83.33,7.9141516,75.4158484
"1049","New Zealand",2020-05-05,83.33,7.8433687,75.4866313
"1050","New Zealand",2020-05-06,83.33,7.6802373,75.6497627
"1051","New Zealand",2020-05-07,83.33,7.5185479,75.8114521
"1052","New Zealand",2020-05-08,83.33,7.1372162,76.1927838
"1053","New Zealand",2020-05-09,83.33,7.106525,76.223475
"1054","New Zealand",2020-05-10,83.33,7.3011482,76.0288518
"1055","New Zealand",2020-05-11,83.33,7.0551703,76.2748297
"1056","New Zealand",2020-05-12,83.33,6.6213618,76.7086382
"1057","New Zealand",2020-05-13,83.33,6.1845162,77.1454838
"1058","New Zealand",2020-05-14,39.81,6.1153659,33.6946341
"1059","New Zealand",2020-05-15,39.81,5.9187763,33.8912237
"1060","New Zealand",2020-05-16,39.81,5.8185078,33.9914922
"1061","New Zealand",2020-05-17,39.81,5.5779256,34.2320744
"1062","New Zealand",2020-05-18,39.81,5.5373455,34.2726545
"1063","New Zealand",2020-05-19,39.81,5.7806951,34.0293049
"1064","New Zealand",2020-05-20,39.81,5.7324015,34.0775985
"1065","New Zealand",2020-05-21,39.81,5.7728161,34.0371839
"1066","New Zealand",2020-05-22,39.81,6.0763512,33.7336488
"1067","New Zealand",2020-05-23,39.81,6.2949873,33.5150127
"1068","New Zealand",2020-05-24,39.81,6.5459298,33.2640702
"1069","New Zealand",2020-05-25,39.81,6.7846603,33.0253397
"1070","New Zealand",2020-05-26,39.81,6.5604196,33.2495804
"1071","New Zealand",2020-05-27,39.81,6.5281243,33.2818757
"1072","New Zealand",2020-05-28,39.81,6.4258415,33.3841585
"1073","New Zealand",2020-05-29,37.04,6.3749433,30.6650567
"1074","New Zealand",2020-05-30,37.04,6.3697788,30.6702212
"1075","New Zealand",2020-05-31,37.04,6.3684789,30.6715211
"1076","New Zealand",2020-06-01,37.04,6.4381591,30.6018409
"1077","New Zealand",2020-06-02,37.04,6.5752099,30.4647901
"1078","New Zealand",2020-06-03,37.04,6.6174781,30.4225219
"1079","New Zealand",2020-06-04,37.04,7.4423048,29.5976952
"1080","New Zealand",2020-06-05,37.04,7.5358076,29.5041924
"1081","New Zealand",2020-06-06,37.04,7.6032854,29.4367146
"1082","New Zealand",2020-06-07,37.04,8.0140804,29.0259196
"1083","New Zealand",2020-06-08,22.22,8.4217509,13.7982491
"1084","New Zealand",2020-06-09,22.22,8.9237377,13.2962623
"1085","New Zealand",2020-06-10,22.22,9.1191957,13.1008043
"1086","New Zealand",2020-06-11,22.22,9.0992279,13.1207721
"1087","New Zealand",2020-06-12,22.22,9.0900167,13.1299833
"1088","New Zealand",2020-06-13,22.22,9.2059714,13.0140286
"1089","New Zealand",2020-06-14,22.22,9.3741276,12.8458724
"1090","New Zealand",2020-06-15,22.22,9.7164462,12.5035538
"1091","New Zealand",2020-06-16,22.22,9.7369707,12.4830293
"1092","New Zealand",2020-06-17,22.22,9.7985608,12.4214392
"1093","New Zealand",2020-06-18,22.22,9.8060753,12.4139247
"1094","New Zealand",2020-06-19,22.22,9.98647,12.23353
"1095","New Zealand",2020-06-20,22.22,10.228138,11.991862
"1096","New Zealand",2020-06-21,22.22,10.5795494,11.6404506
"1097","New Zealand",2020-06-22,22.22,10.8011762,11.4188238
"1098","New Zealand",2020-06-23,22.22,11.0906629,11.1293371
"1099","New Zealand",2020-06-24,22.22,11.5878355,10.6321645
"1100","New Zealand",2020-06-25,22.22,11.664129,10.555871
"1101","New Zealand",2020-06-26,22.22,11.6253058,10.5946942
"1102","New Zealand",2020-06-27,22.22,11.7808228,10.4391772
"1103","New Zealand",2020-06-28,22.22,11.7685198,10.4514802
"1104","New Zealand",2020-06-29,22.22,11.583522,10.636478
"1105","New Zealand",2020-06-30,22.22,11.477314,10.742686
"1106","New Zealand",2020-07-01,22.22,11.4611523,10.7588477
"1107","New Zealand",2020-07-02,22.22,11.410042,10.809958
"1108","New Zealand",2020-07-03,22.22,11.3054823,10.9145177
"1109","New Zealand",2020-07-04,22.22,11.3320928,10.8879072
"1110","New Zealand",2020-07-05,22.22,11.2937162,10.9262838
"1111","New Zealand",2020-07-06,22.22,11.6601596,10.5598404
"1112","New Zealand",2020-07-07,22.22,11.9130825,10.3069175
"1113","New Zealand",2020-07-08,22.22,12.0428178,10.1771822
"1114","New Zealand",2020-07-09,22.22,12.2726452,9.9473548
"1115","New Zealand",2020-07-10,22.22,12.3934197,9.8265803
"1116","New Zealand",2020-07-11,22.22,12.2072666,10.0127334
"1117","New Zealand",2020-07-12,22.22,12.1131678,10.1068322
"1118","New Zealand",2020-07-13,22.22,12.019858,10.200142
"1119","New Zealand",2020-07-14,22.22,12.1026256,10.1173744
"1120","New Zealand",2020-07-15,22.22,11.9465852,10.2734148
"1121","New Zealand",2020-07-16,22.22,11.9143027,10.3056973
"1122","New Zealand",2020-07-17,22.22,11.9651834,10.2548166
"1123","New Zealand",2020-07-18,22.22,12.2596688,9.9603312
"1124","New Zealand",2020-07-19,22.22,12.4155188,9.8044812
"1125","New Zealand",2020-07-20,22.22,12.4822686,9.7377314
"1126","New Zealand",2020-07-21,22.22,12.3683409,9.8516591
"1127","New Zealand",2020-07-22,22.22,12.3087074,9.9112926
"1128","New Zealand",2020-07-23,22.22,12.333932,9.886068
"1129","New Zealand",2020-07-24,22.22,12.2333448,9.9866552
"1130","New Zealand",2020-07-25,22.22,11.9913249,10.2286751
"1131","New Zealand",2020-07-26,22.22,11.9772494,10.2427506
"1132","New Zealand",2020-07-27,22.22,12.0234899,10.1965101
"1133","New Zealand",2020-07-28,22.22,12.2963848,9.9236152
"1134","New Zealand",2020-07-29,22.22,12.6298482,9.5901518
"1135","New Zealand",2020-07-30,22.22,12.7644513,9.4555487
"1136","New Zealand",2020-07-31,22.22,12.9942913,9.2257087
"1137","New Zealand",2020-08-01,22.22,13.2711386,8.9488614
"1138","New Zealand",2020-08-02,22.22,13.4317246,8.7882754
"1139","New Zealand",2020-08-03,22.22,13.3172999,8.9027001
"1140","New Zealand",2020-08-04,22.22,13.2868725,8.9331275
"1141","New Zealand",2020-08-05,22.22,13.1734522,9.0465478
"1142","New Zealand",2020-08-06,22.22,13.9274719,8.2925281
"1143","New Zealand",2020-08-07,22.22,13.690586,8.529414
"1144","New Zealand",2020-08-08,22.22,12.97626,9.24374
"1145","New Zealand",2020-08-09,22.22,12.2042838,10.0157162
"1146","New Zealand",2020-08-10,22.22,11.6713303,10.5486697
"1147","New Zealand",2020-08-11,22.22,10.8248166,11.3951834
"1148","New Zealand",2020-08-12,68.98,11.9535087,57.0264913
"1149","New Zealand",2020-08-13,68.98,12.5220598,56.4579402
"1150","New Zealand",2020-08-14,68.98,12.5098114,56.4701886
"1151","New Zealand",2020-08-15,68.98,13.3264478,55.6535522
"1152","New Zealand",2020-08-16,68.98,14.0039767,54.9760233
"1153","New Zealand",2020-08-17,68.98,14.8755473,54.1044527
"1154","New Zealand",2020-08-18,68.98,15.3194899,53.6605101
"1155","New Zealand",2020-08-19,68.98,14.1178511,54.8621489
"1156","New Zealand",2020-08-20,68.98,13.9247603,55.0552397
"1157","New Zealand",2020-08-21,68.98,13.8179083,55.1620917
"1158","New Zealand",2020-08-22,68.98,12.9724558,56.0075442
"1159","New Zealand",2020-08-23,71.76,12.9662562,58.7937438
"1160","New Zealand",2020-08-24,71.76,12.5474888,59.2125112
"1161","New Zealand",2020-08-25,71.76,12.449962,59.310038
"1162","New Zealand",2020-08-26,71.76,12.6024268,59.1575732
"1163","New Zealand",2020-08-27,71.76,12.6737645,59.0862355
"1164","New Zealand",2020-08-28,71.76,13.2428044,58.5171956
"1165","New Zealand",2020-08-29,71.76,13.1378381,58.6221619
"1166","New Zealand",2020-08-30,71.76,13.1276085,58.6323915
"1167","New Zealand",2020-08-31,48.61,13.7018079,34.9081921
"1168","New Zealand",2020-09-01,48.61,13.6835376,34.9264624
"1169","New Zealand",2020-09-02,48.61,13.2494312,35.3605688
"1170","New Zealand",2020-09-03,48.61,12.6568158,35.9531842
"1171","New Zealand",2020-09-04,48.61,11.8095842,36.8004158
"1172","New Zealand",2020-09-05,48.61,12.0464648,36.5635352
"1173","New Zealand",2020-09-06,48.61,11.6251062,36.9848938
"1174","New Zealand",2020-09-07,48.61,10.9581921,37.6518079
"1175","New Zealand",2020-09-08,48.61,11.0334883,37.5765117
"1176","New Zealand",2020-09-09,48.61,11.1890799,37.4209201
"1177","New Zealand",2020-09-10,48.61,10.84105,37.76895
"1178","New Zealand",2020-09-11,48.61,10.7420765,37.8679235
"1179","New Zealand",2020-09-12,48.61,10.5074349,38.1025651
"1180","New Zealand",2020-09-13,48.61,10.2905157,38.3194843
"1181","New Zealand",2020-09-14,48.61,10.0995807,38.5104193
"1182","New Zealand",2020-09-15,48.61,9.6798751,38.9301249
"1183","New Zealand",2020-09-16,48.61,9.9216886,38.6883114
"1184","New Zealand",2020-09-17,48.61,9.8806805,38.7293195
"1185","New Zealand",2020-09-18,48.61,9.9444048,38.6655952
"1186","New Zealand",2020-09-19,48.61,10.1322342,38.4777658
"1187","New Zealand",2020-09-20,43.98,10.1116194,33.8683806
"1188","New Zealand",2020-09-21,43.98,9.9153659,34.0646341
"1189","New Zealand",2020-09-22,43.98,10.6919706,33.2880294
"1190","New Zealand",2020-09-23,41.2,10.6287872,30.5712128
"1191","New Zealand",2020-09-24,41.2,11.0647309,30.1352691
"1192","New Zealand",2020-09-25,41.2,11.3147353,29.8852647
"1193","New Zealand",2020-09-26,41.2,11.4720199,29.7279801
"1194","New Zealand",2020-09-27,41.2,11.8003305,29.3996695
"1195","New Zealand",2020-09-28,41.2,12.2725121,28.9274879
"1196","New Zealand",2020-09-29,41.2,11.6604586,29.5395414
"1197","New Zealand",2020-09-30,41.2,12.4688791,28.7311209
"1198","New Zealand",2020-10-01,41.2,12.3554467,28.8445533
"1199","New Zealand",2020-10-02,41.2,12.2825049,28.9174951
"1200","New Zealand",2020-10-03,41.2,12.5500416,28.6499584
"1201","New Zealand",2020-10-04,41.2,12.637044,28.562956
"1202","New Zealand",2020-10-05,41.2,12.8127637,28.3872363
"1203","New Zealand",2020-10-06,41.2,13.1032676,28.0967324
"1204","New Zealand",2020-10-07,22.22,12.322929,9.897071
"1205","New Zealand",2020-10-08,22.22,12.4975085,9.7224915
"1206","New Zealand",2020-10-09,22.22,12.8065797,9.4134203
"1207","New Zealand",2020-10-10,22.22,12.5529772,9.6670228
"1208","New Zealand",2020-10-11,22.22,12.759006,9.460994
"1209","New Zealand",2020-10-12,22.22,12.7406886,9.4793114
"1210","New Zealand",2020-10-13,22.22,12.8217064,9.3982936
"1211","New Zealand",2020-10-14,22.22,13.0256818,9.1943182
"1212","New Zealand",2020-10-15,22.22,13.2081703,9.0118297
"1213","New Zealand",2020-10-16,22.22,13.111967,9.108033
"1214","New Zealand",2020-10-17,22.22,13.2931733,8.9268267
"1215","New Zealand",2020-10-18,22.22,13.2900039,8.9299961
"1216","New Zealand",2020-10-19,22.22,13.2876561,8.9323439
"1217","New Zealand",2020-10-20,22.22,15.4512182,6.7687818
"1218","New Zealand",2020-10-21,22.22,15.4429317,6.7770683
"1219","New Zealand",2020-10-22,22.22,15.9095264,6.3104736
"1220","New Zealand",2020-10-23,22.22,16.6572516,5.5627484
"1221","New Zealand",2020-10-24,22.22,16.4633035,5.7566965
"1222","New Zealand",2020-10-25,22.22,16.9289369,5.2910631
"1223","New Zealand",2020-10-26,22.22,16.9290019,5.2909981
"1224","New Zealand",2020-10-27,22.22,14.7781653,7.4418347
"1225","New Zealand",2020-10-28,22.22,15.1477709,7.0722291
"1226","New Zealand",2020-10-29,22.22,14.3911429,7.8288571
"1227","New Zealand",2020-10-30,22.22,14.0159288,8.2040712
"1228","New Zealand",2020-10-31,22.22,14.1051841,8.1148159
"1229","New Zealand",2020-11-01,22.22,14.0103829,8.2096171
"1230","New Zealand",2020-11-02,22.22,14.2837573,7.9362427
"1231","New Zealand",2020-11-03,22.22,14.2606828,7.9593172
"1232","New Zealand",2020-11-04,22.22,13.7102866,8.5097134
"1233","New Zealand",2020-11-05,22.22,13.662865,8.557135
"1234","New Zealand",2020-11-06,22.22,13.1878831,9.0321169
"1235","New Zealand",2020-11-07,22.22,13.5544281,8.6655719
"1236","New Zealand",2020-11-08,22.22,13.5516776,8.6683224
"1237","New Zealand",2020-11-09,22.22,13.1804557,9.0395443
"1238","New Zealand",2020-11-10,22.22,12.9941423,9.2258577
"1239","New Zealand",2020-11-11,22.22,13.0817442,9.1382558
"1240","New Zealand",2020-11-12,22.22,13.353737,8.866263
"1241","New Zealand",2020-11-13,22.22,13.4392916,8.7807084
"1242","New Zealand",2020-11-14,22.22,13.1563417,9.0636583
"1243","New Zealand",2020-11-15,22.22,12.7717339,9.4482661
"1244","New Zealand",2020-11-16,22.22,13.0459451,9.1740549
"1245","New Zealand",2020-11-17,22.22,13.2263186,8.9936814
"1246","New Zealand",2020-11-18,22.22,13.1256843,9.0943157
"1247","New Zealand",2020-11-19,22.22,13.0257902,9.1942098
"1248","New Zealand",2020-11-20,22.22,13.2954525,8.9245475
"1249","New Zealand",2020-11-21,22.22,13.8471737,8.3728263
"1250","New Zealand",2020-11-22,22.22,14.0250946,8.1949054
"1251","New Zealand",2020-11-23,22.22,13.7465512,8.4734488
"1252","New Zealand",2020-11-24,22.22,14.2119166,8.0080834
"1253","New Zealand",2020-11-25,22.22,14.1142928,8.1057072
"1254","New Zealand",2020-11-26,22.22,14.4793238,7.7406762
"1255","New Zealand",2020-11-27,22.22,14.1957928,8.0242072
"1256","New Zealand",2020-11-28,22.22,13.3563232,8.8636768
"1257","New Zealand",2020-11-29,22.22,13.7256323,8.4943677
"1258","New Zealand",2020-11-30,22.22,13.9070369,8.3129631
"1259","New Zealand",2020-12-01,22.22,13.2575707,8.9624293
"1260","New Zealand",2020-12-02,22.22,13.9938484,8.2261516
"1261","New Zealand",2020-12-03,22.22,13.3659065,8.8540935
"1262","New Zealand",2020-12-04,22.22,13.9527287,8.2672713
"1263","New Zealand",2020-12-05,22.22,14.0790151,8.1409849
"1264","New Zealand",2020-12-06,22.22,13.6085438,8.6114562
"1265","New Zealand",2020-12-07,22.22,13.8888899,8.3311101
"1266","New Zealand",2020-12-08,22.22,14.1938943,8.0261057
"1267","New Zealand",2020-12-09,22.22,13.3882236,8.8317764
"1268","New Zealand",2020-12-10,22.22,13.7646425,8.4553575
"1269","New Zealand",2020-12-11,22.22,12.9145592,9.3054408
"1270","New Zealand",2020-12-12,22.22,13.2875266,8.9324734
"1271","New Zealand",2020-12-13,22.22,13.3381062,8.8818938
"1272","New Zealand",2020-12-14,22.22,12.7732928,9.4467072
"1273","New Zealand",2020-12-15,22.22,12.8669511,9.3530489
"1274","New Zealand",2020-12-16,22.22,12.8596087,9.3603913
"1275","New Zealand",2020-12-17,22.22,13.4215587,8.7984413
"1276","New Zealand",2020-12-18,22.22,13.4161705,8.8038295
"1277","New Zealand",2020-12-19,22.22,13.6034872,8.6165128
"1278","New Zealand",2020-12-20,22.22,14.1060295,8.1139705
"1279","New Zealand",2020-12-21,22.22,13.446025,8.773975
"1280","New Zealand",2020-12-22,22.22,13.3777827,8.8422173
"1281","New Zealand",2020-12-23,22.22,11.2907234,10.9292766
"1282","New Zealand",2020-12-24,22.22,10.3798051,11.8401949
"1283","New Zealand",2020-12-25,22.22,10.1156962,12.1043038
"1284","New Zealand",2020-12-26,22.22,10.505152,11.714848
"1285","New Zealand",2020-12-27,22.22,9.5363242,12.6836758
"1286","New Zealand",2020-12-28,22.22,9.9816304,12.2383696
"1287","New Zealand",2020-12-29,22.22,9.371931,12.848069
"1288","New Zealand",2020-12-30,22.22,10.3308766,11.8891234
"1289","New Zealand",2020-12-31,22.22,10.3311632,11.8888368
"1290","New Zealand",2021-01-01,22.22,10.3311632,11.8888368
"1291","New Zealand",2021-01-02,22.22,10.5926938,11.6273062
"1292","New Zealand",2021-01-03,22.22,10.5973383,11.6226617
"1293","New Zealand",2021-01-04,22.22,10.4229845,11.7970155
"1294","New Zealand",2021-01-05,22.22,10.4209072,11.7990928
"1295","New Zealand",2021-01-06,22.22,9.6363154,12.5836846
"1296","New Zealand",2021-01-07,22.22,9.6288394,12.5911606
"1297","New Zealand",2021-01-08,22.22,9.6288394,12.5911606
"1298","New Zealand",2021-01-09,22.22,10.6749619,11.5450381
"1299","New Zealand",2021-01-10,22.22,10.9491409,11.2708591
"1300","New Zealand",2021-01-11,22.22,10.5099786,11.7100214
"1301","New Zealand",2021-01-12,22.22,11.0330398,11.1869602
"1302","New Zealand",2021-01-13,22.22,10.8549103,11.3650897
"1303","New Zealand",2021-01-14,22.22,12.424094,9.795906
"1304","New Zealand",2021-01-15,22.22,12.4274561,9.7925439
"1305","New Zealand",2021-01-16,22.22,10.5967419,11.6232581
"1306","New Zealand",2021-01-17,22.22,10.8624986,11.3575014
"1307","New Zealand",2021-01-18,22.22,10.8602834,11.3597166
"1308","New Zealand",2021-01-19,22.22,10.7731066,11.4468934
"1309","New Zealand",2021-01-20,22.22,12.852509,9.367491
"1310","New Zealand",2021-01-21,22.22,12.0679172,10.1520828
"1311","New Zealand",2021-01-22,22.22,12.0649585,10.1550415
"1312","New Zealand",2021-01-23,22.22,11.8034279,10.4165721
"1313","New Zealand",2021-01-24,22.22,11.7177265,10.5022735
"1314","New Zealand",2021-01-25,22.22,12.1476147,10.0723853
"1315","New Zealand",2021-01-26,22.22,12.1472321,10.0727679
"1316","New Zealand",2021-01-27,22.22,12.4891533,9.7308467
"1317","New Zealand",2021-01-28,22.22,12.2205436,9.9994564
"1318","New Zealand",2021-01-29,22.22,12.1324799,10.0875201
"1319","New Zealand",2021-01-30,22.22,11.7091527,10.5108473
"1320","New Zealand",2021-01-31,22.22,11.316645,10.903355
"1321","New Zealand",2021-02-01,22.22,11.9470702,10.2729298
"1322","New Zealand",2021-02-02,22.22,11.844302,10.375698
"1323","New Zealand",2021-02-03,22.22,11.9713356,10.2486644
"1324","New Zealand",2021-02-04,22.22,12.0872695,10.1327305
"1325","New Zealand",2021-02-05,22.22,12.4386063,9.7813937
"1326","New Zealand",2021-02-06,22.22,12.9836403,9.2363597
"1327","New Zealand",2021-02-07,22.22,13.1579261,9.0620739
"1328","New Zealand",2021-02-08,22.22,13.1812058,9.0387942
"1329","New Zealand",2021-02-09,22.22,13.2751854,8.9448146
"1330","New Zealand",2021-02-10,22.22,12.8052874,9.4147126
"1331","New Zealand",2021-02-11,22.22,12.8085928,9.4114072
"1332","New Zealand",2021-02-12,22.22,13.0171975,9.2028025
"1333","New Zealand",2021-02-13,22.22,12.6267077,9.5932923
"1334","New Zealand",2021-02-14,22.22,12.9906508,9.2293492
"1335","New Zealand",2021-02-15,62.5,12.7970164,49.7029836
"1336","New Zealand",2021-02-16,62.5,12.7801209,49.7198791
"1337","New Zealand",2021-02-17,62.5,13.0664994,49.4335006
"1338","New Zealand",2021-02-18,39.35,13.2366415,26.1133585
"1339","New Zealand",2021-02-19,39.35,13.2266132,26.1233868
"1340","New Zealand",2021-02-20,39.35,13.0306826,26.3193174
"1341","New Zealand",2021-02-21,39.35,13.1205913,26.2294087
"1342","New Zealand",2021-02-22,39.35,13.5834562,25.7665438
"1343","New Zealand",2021-02-23,22.22,13.4881166,8.7318834
"1344","New Zealand",2021-02-24,22.22,13.3896657,8.8303343
"1345","New Zealand",2021-02-25,22.22,13.2897709,8.9302291
"1346","New Zealand",2021-02-26,22.22,13.1875808,9.0324192
"1347","New Zealand",2021-02-27,22.22,13.552662,8.667338
"1348","New Zealand",2021-02-28,62.5,12.6939638,49.8060362
"1349","New Zealand",2021-03-01,62.5,12.5092622,49.9907378
"1350","New Zealand",2021-03-02,62.5,12.5092622,49.9907378
"1351","New Zealand",2021-03-03,62.5,12.6921598,49.8078402
"1352","New Zealand",2021-03-04,62.5,11.6100156,50.8899844
"1353","United Kingdom",2020-04-01,79.63,73.6999907,5.93000929999999
"1354","United Kingdom",2020-04-02,79.63,74.8620187,4.7679813
"1355","United Kingdom",2020-04-03,79.63,75.2171201,4.41287989999999
"1356","United Kingdom",2020-04-04,79.63,75.674584,3.955416
"1357","United Kingdom",2020-04-05,79.63,75.9973854,3.6326146
"1358","United Kingdom",2020-04-06,79.63,76.6316499,2.9983501
"1359","United Kingdom",2020-04-07,79.63,77.1701711,2.45982890000001
"1360","United Kingdom",2020-04-08,79.63,77.1304703,2.4995297
"1361","United Kingdom",2020-04-09,79.63,77.1294302,2.50056979999999
"1362","United Kingdom",2020-04-10,79.63,76.8305889,2.7994111
"1363","United Kingdom",2020-04-11,79.63,76.6912927,2.93870729999999
"1364","United Kingdom",2020-04-12,79.63,76.6571632,2.9728368
"1365","United Kingdom",2020-04-13,79.63,76.2826714,3.3473286
"1366","United Kingdom",2020-04-14,79.63,75.8859518,3.74404819999999
"1367","United Kingdom",2020-04-15,79.63,75.8783502,3.7516498
"1368","United Kingdom",2020-04-16,79.63,76.0372064,3.59279359999999
"1369","United Kingdom",2020-04-17,79.63,76.2748605,3.35513949999999
"1370","United Kingdom",2020-04-18,79.63,76.6931687,2.93683129999999
"1371","United Kingdom",2020-04-19,79.63,76.8206739,2.80932609999999
"1372","United Kingdom",2020-04-20,79.63,77.0495302,2.58046979999999
"1373","United Kingdom",2020-04-21,79.63,77.1846743,2.4453257
"1374","United Kingdom",2020-04-22,79.63,77.3655401,2.26445990000001
"1375","United Kingdom",2020-04-23,79.63,77.3393622,2.2906378
"1376","United Kingdom",2020-04-24,79.63,77.324743,2.305257
"1377","United Kingdom",2020-04-25,79.63,76.9241429,2.70585709999999
"1378","United Kingdom",2020-04-26,79.63,76.7393337,2.89066629999999
"1379","United Kingdom",2020-04-27,79.63,76.0396361,3.5903639
"1380","United Kingdom",2020-04-28,79.63,75.974002,3.655998
"1381","United Kingdom",2020-04-29,79.63,75.8989662,3.73103380000001
"1382","United Kingdom",2020-04-30,79.63,75.7349617,3.8950383
"1383","United Kingdom",2020-05-01,79.63,75.5854705,4.0445295
"1384","United Kingdom",2020-05-02,79.63,75.3278344,4.3021656
"1385","United Kingdom",2020-05-03,79.63,75.1185899,4.51141009999999
"1386","United Kingdom",2020-05-04,79.63,74.488504,5.14149599999999
"1387","United Kingdom",2020-05-05,79.63,74.0224917,5.60750829999999
"1388","United Kingdom",2020-05-06,79.63,73.2242327,6.40576729999999
"1389","United Kingdom",2020-05-07,79.63,72.7800248,6.8499752
"1390","United Kingdom",2020-05-08,79.63,72.0271037,7.6028963
"1391","United Kingdom",2020-05-09,79.63,71.7100325,7.9199675
"1392","United Kingdom",2020-05-10,79.63,71.6167592,8.01324079999999
"1393","United Kingdom",2020-05-11,77.78,71.7113904,6.0686096
"1394","United Kingdom",2020-05-12,77.78,71.5855272,6.1944728
"1395","United Kingdom",2020-05-13,71.3,71.6574768,-0.357476800000001
"1396","United Kingdom",2020-05-14,71.3,71.9585543,-0.658554300000006
"1397","United Kingdom",2020-05-15,71.3,71.9311233,-0.631123299999999
"1398","United Kingdom",2020-05-16,71.3,71.8995023,-0.599502299999997
"1399","United Kingdom",2020-05-17,71.3,71.8932781,-0.593278100000006
"1400","United Kingdom",2020-05-18,71.3,69.9012474,1.39875259999999
"1401","United Kingdom",2020-05-19,71.3,69.977714,1.32228599999999
"1402","United Kingdom",2020-05-20,71.3,69.9209202,1.3790798
"1403","United Kingdom",2020-05-21,71.3,69.8394513,1.4605487
"1404","United Kingdom",2020-05-22,71.3,69.805109,1.494891
"1405","United Kingdom",2020-05-23,71.3,69.7373051,1.5626949
"1406","United Kingdom",2020-05-24,71.3,69.6741936,1.6258064
"1407","United Kingdom",2020-05-25,71.3,69.5873601,1.7126399
"1408","United Kingdom",2020-05-26,71.3,69.5827396,1.7172604
"1409","United Kingdom",2020-05-27,71.3,66.4117804,4.8882196
"1410","United Kingdom",2020-05-28,71.3,66.3846515,4.91534849999999
"1411","United Kingdom",2020-05-29,69.44,66.398418,3.04158199999999
"1412","United Kingdom",2020-05-30,69.44,66.5199213,2.9200787
"1413","United Kingdom",2020-05-31,69.44,66.4733742,2.9666258
"1414","United Kingdom",2020-06-01,67.59,63.3152598,4.2747402
"1415","United Kingdom",2020-06-02,67.59,63.2568629,4.3331371
"1416","United Kingdom",2020-06-03,67.59,63.2346589,4.3553411
"1417","United Kingdom",2020-06-04,67.59,63.2459319,4.34406810000001
"1418","United Kingdom",2020-06-05,67.59,63.2761978,4.3138022
"1419","United Kingdom",2020-06-06,67.59,63.26783,4.32217
"1420","United Kingdom",2020-06-07,67.59,63.2517027,4.3382973
"1421","United Kingdom",2020-06-08,73.15,44.8407139,28.3092861
"1422","United Kingdom",2020-06-09,73.15,44.9652532,28.1847468
"1423","United Kingdom",2020-06-10,73.15,45.2232218,27.9267782
"1424","United Kingdom",2020-06-11,73.15,45.3257346,27.8242654
"1425","United Kingdom",2020-06-12,73.15,45.4591768,27.6908232
"1426","United Kingdom",2020-06-13,73.15,45.5569516,27.5930484
"1427","United Kingdom",2020-06-14,73.15,45.5699225,27.5800775
"1428","United Kingdom",2020-06-15,71.3,45.5575129,25.7424871
"1429","United Kingdom",2020-06-16,71.3,45.5374719,25.7625281
"1430","United Kingdom",2020-06-17,71.3,45.5222063,25.7777937
"1431","United Kingdom",2020-06-18,71.3,45.5006657,25.7993343
"1432","United Kingdom",2020-06-19,71.3,45.5528919,25.7471081
"1433","United Kingdom",2020-06-20,71.3,45.5901075,25.7098925
"1434","United Kingdom",2020-06-21,71.3,45.6613813,25.6386187
"1435","United Kingdom",2020-06-22,71.3,45.7962991,25.5037009
"1436","United Kingdom",2020-06-23,71.3,46.0606722,25.2393278
"1437","United Kingdom",2020-06-24,71.3,46.44092,24.85908
"1438","United Kingdom",2020-06-25,71.3,46.7822439,24.5177561
"1439","United Kingdom",2020-06-26,71.3,46.759484,24.540516
"1440","United Kingdom",2020-06-27,71.3,46.7344463,24.5655537
"1441","United Kingdom",2020-06-28,71.3,46.7074456,24.5925544
"1442","United Kingdom",2020-06-29,71.3,46.6861493,24.6138507
"1443","United Kingdom",2020-06-30,71.3,46.6626986,24.6373014
"1444","United Kingdom",2020-07-01,71.3,46.6357216,24.6642784
"1445","United Kingdom",2020-07-02,71.3,46.6038466,24.6961534
"1446","United Kingdom",2020-07-03,71.3,46.5825405,24.7174595
"1447","United Kingdom",2020-07-04,69.91,46.5852605,23.3247395
"1448","United Kingdom",2020-07-05,69.91,46.5838544,23.3261456
"1449","United Kingdom",2020-07-06,64.35,46.6089883,17.7410117
"1450","United Kingdom",2020-07-07,64.35,46.8506229,17.4993771
"1451","United Kingdom",2020-07-08,64.35,47.0406181,17.3093819
"1452","United Kingdom",2020-07-09,64.35,47.2047332,17.1452668
"1453","United Kingdom",2020-07-10,64.35,47.323393,17.026607
"1454","United Kingdom",2020-07-11,64.35,47.5028943,16.8471057
"1455","United Kingdom",2020-07-12,64.35,47.5637925,16.7862075
"1456","United Kingdom",2020-07-13,64.35,47.7205906,16.6294094
"1457","United Kingdom",2020-07-14,64.35,47.9201894,16.4298106
"1458","United Kingdom",2020-07-15,64.35,48.0385231,16.3114769
"1459","United Kingdom",2020-07-16,64.35,48.026052,16.323948
"1460","United Kingdom",2020-07-17,64.35,48.0456485,16.3043515
"1461","United Kingdom",2020-07-18,64.35,48.1297878,16.2202122
"1462","United Kingdom",2020-07-19,64.35,48.2129714,16.1370286
"1463","United Kingdom",2020-07-20,64.35,48.2017961,16.1482039
"1464","United Kingdom",2020-07-21,64.35,48.1806788,16.1693212
"1465","United Kingdom",2020-07-22,64.35,48.1595852,16.1904148
"1466","United Kingdom",2020-07-23,64.35,48.1517377,16.1982623
"1467","United Kingdom",2020-07-24,64.35,48.1768143,16.1731857
"1468","United Kingdom",2020-07-25,64.35,48.1581176,16.1918824
"1469","United Kingdom",2020-07-26,64.35,48.1518505,16.1981495
"1470","United Kingdom",2020-07-27,64.35,48.1746609,16.1753391
"1471","United Kingdom",2020-07-28,64.35,48.4089577,15.9410423
"1472","United Kingdom",2020-07-29,64.35,48.6227027,15.7272973
"1473","United Kingdom",2020-07-30,64.35,48.8022184,15.5477816
"1474","United Kingdom",2020-07-31,64.35,48.8970355,15.4529645
"1475","United Kingdom",2020-08-01,69.91,48.9710667,20.9389333
"1476","United Kingdom",2020-08-02,69.91,49.0379546,20.8720454
"1477","United Kingdom",2020-08-03,69.91,49.2375707,20.6724293
"1478","United Kingdom",2020-08-04,69.91,49.4165418,20.4934582
"1479","United Kingdom",2020-08-05,69.91,49.6193983,20.2906017
"1480","United Kingdom",2020-08-06,69.91,50.0956354,19.8143646
"1481","United Kingdom",2020-08-07,69.91,50.141965,19.768035
"1482","United Kingdom",2020-08-08,69.91,50.2527764,19.6572236
"1483","United Kingdom",2020-08-09,69.91,50.380474,19.529526
"1484","United Kingdom",2020-08-10,69.91,50.4734051,19.4365949
"1485","United Kingdom",2020-08-11,69.91,50.5045234,19.4054766
"1486","United Kingdom",2020-08-12,69.91,50.5332165,19.3767835
"1487","United Kingdom",2020-08-13,66.2,50.6311752,15.5688248
"1488","United Kingdom",2020-08-14,66.2,50.6575313,15.5424687
"1489","United Kingdom",2020-08-15,66.2,50.6488405,15.5511595
"1490","United Kingdom",2020-08-16,66.2,50.6192437,15.5807563
"1491","United Kingdom",2020-08-17,66.2,50.6006828,15.5993172
"1492","United Kingdom",2020-08-18,66.2,50.5896567,15.6103433
"1493","United Kingdom",2020-08-19,66.2,50.5710535,15.6289465
"1494","United Kingdom",2020-08-20,66.2,50.552759,15.647241
"1495","United Kingdom",2020-08-21,66.2,50.5713586,15.6286414
"1496","United Kingdom",2020-08-22,66.2,50.6123991,15.5876009
"1497","United Kingdom",2020-08-23,66.2,50.7063904,15.4936096
"1498","United Kingdom",2020-08-24,66.2,50.7390347,15.4609653
"1499","United Kingdom",2020-08-25,66.2,50.8664119,15.3335881
"1500","United Kingdom",2020-08-26,66.2,50.9443698,15.2556302
"1501","United Kingdom",2020-08-27,66.2,51.2053726,14.9946274
"1502","United Kingdom",2020-08-28,66.2,51.260577,14.939423
"1503","United Kingdom",2020-08-29,66.2,51.305241,14.894759
"1504","United Kingdom",2020-08-30,66.2,54.4085166,11.7914834
"1505","United Kingdom",2020-08-31,66.2,54.3966217,11.8033783
"1506","United Kingdom",2020-09-01,64.35,54.400027,9.949973
"1507","United Kingdom",2020-09-02,64.35,54.400521,9.94947899999999
"1508","United Kingdom",2020-09-03,64.35,54.4446801,9.90531989999999
"1509","United Kingdom",2020-09-04,64.35,54.4988481,9.8511519
"1510","United Kingdom",2020-09-05,64.35,54.4874348,9.86256519999999
"1511","United Kingdom",2020-09-06,64.35,54.4765632,9.87343679999999
"1512","United Kingdom",2020-09-07,64.35,54.4716843,9.87831569999999
"1513","United Kingdom",2020-09-08,64.35,54.471424,9.878576
"1514","United Kingdom",2020-09-09,64.35,54.4662253,9.88377469999999
"1515","United Kingdom",2020-09-10,64.35,54.4681479,9.8818521
"1516","United Kingdom",2020-09-11,64.35,54.4811633,9.8688367
"1517","United Kingdom",2020-09-12,64.35,54.4749788,9.8750212
"1518","United Kingdom",2020-09-13,64.35,54.5832526,9.76674739999999
"1519","United Kingdom",2020-09-14,65.74,54.5785966,11.1614034
"1520","United Kingdom",2020-09-15,65.74,54.634107,11.105893
"1521","United Kingdom",2020-09-16,65.74,54.7409372,10.9990628
"1522","United Kingdom",2020-09-17,65.74,54.9164361,10.8235639
"1523","United Kingdom",2020-09-18,65.74,55.4205011,10.3194989
"1524","United Kingdom",2020-09-19,65.74,56.2144808,9.5255192
"1525","United Kingdom",2020-09-20,65.74,56.574147,9.165853
"1526","United Kingdom",2020-09-21,65.74,57.7247323,8.01526769999999
"1527","United Kingdom",2020-09-22,65.74,58.9100288,6.82997119999999
"1528","United Kingdom",2020-09-23,65.74,60.3215014,5.41849859999999
"1529","United Kingdom",2020-09-24,67.59,62.413222,5.176778
"1530","United Kingdom",2020-09-25,67.59,64.0552161,3.53478390000001
"1531","United Kingdom",2020-09-26,67.59,65.1052041,2.48479589999999
"1532","United Kingdom",2020-09-27,67.59,66.2943051,1.29569490000002
"1533","United Kingdom",2020-09-28,67.59,66.0853789,1.50462109999999
"1534","United Kingdom",2020-09-29,67.59,67.520798,0.0692020000000042
"1535","United Kingdom",2020-09-30,67.59,68.10209,-0.512090000000001
"1536","United Kingdom",2020-10-01,67.59,68.1709661,-0.580966099999998
"1537","United Kingdom",2020-10-02,67.59,68.2132707,-0.623270699999992
"1538","United Kingdom",2020-10-03,67.59,72.6153364,-5.02533639999999
"1539","United Kingdom",2020-10-04,67.59,83.8058099,-16.2158099
"1540","United Kingdom",2020-10-05,67.59,89.3293879,-21.7393879
"1541","United Kingdom",2020-10-06,67.59,94.111181,-26.521181
"1542","United Kingdom",2020-10-07,67.59,98.6631138,-31.0731138
"1543","United Kingdom",2020-10-08,67.59,100,-32.41
"1544","United Kingdom",2020-10-09,67.59,100,-32.41
"1545","United Kingdom",2020-10-10,67.59,100,-32.41
"1546","United Kingdom",2020-10-11,67.59,100,-32.41
"1547","United Kingdom",2020-10-12,60.19,100,-39.81
"1548","United Kingdom",2020-10-13,60.19,100,-39.81
"1549","United Kingdom",2020-10-14,60.19,100,-39.81
"1550","United Kingdom",2020-10-15,60.19,100,-39.81
"1551","United Kingdom",2020-10-16,60.19,100,-39.81
"1552","United Kingdom",2020-10-17,60.19,100,-39.81
"1553","United Kingdom",2020-10-18,60.19,100,-39.81
"1554","United Kingdom",2020-10-19,65.74,100,-34.26
"1555","United Kingdom",2020-10-20,65.74,100,-34.26
"1556","United Kingdom",2020-10-21,65.74,100,-34.26
"1557","United Kingdom",2020-10-22,67.59,100,-32.41
"1558","United Kingdom",2020-10-23,75,100,-25
"1559","United Kingdom",2020-10-24,75,100,-25
"1560","United Kingdom",2020-10-25,75,100,-25
"1561","United Kingdom",2020-10-26,75,100,-25
"1562","United Kingdom",2020-10-27,75,100,-25
"1563","United Kingdom",2020-10-28,75,100,-25
"1564","United Kingdom",2020-10-29,75,100,-25
"1565","United Kingdom",2020-10-30,75,100,-25
"1566","United Kingdom",2020-10-31,75,100,-25
"1567","United Kingdom",2020-11-01,75,100,-25
"1568","United Kingdom",2020-11-02,75,100,-25
"1569","United Kingdom",2020-11-03,75,100,-25
"1570","United Kingdom",2020-11-04,75,100,-25
"1571","United Kingdom",2020-11-05,75,100,-25
"1572","United Kingdom",2020-11-06,72.22,100,-27.78
"1573","United Kingdom",2020-11-07,72.22,100,-27.78
"1574","United Kingdom",2020-11-08,72.22,100,-27.78
"1575","United Kingdom",2020-11-09,66.67,100,-33.33
"1576","United Kingdom",2020-11-10,64.81,100,-35.19
"1577","United Kingdom",2020-11-11,64.81,100,-35.19
"1578","United Kingdom",2020-11-12,64.81,100,-35.19
"1579","United Kingdom",2020-11-13,64.81,100,-35.19
"1580","United Kingdom",2020-11-14,64.81,100,-35.19
"1581","United Kingdom",2020-11-15,64.81,100,-35.19
"1582","United Kingdom",2020-11-16,64.81,100,-35.19
"1583","United Kingdom",2020-11-17,64.81,100,-35.19
"1584","United Kingdom",2020-11-18,64.81,100,-35.19
"1585","United Kingdom",2020-11-19,64.81,100,-35.19
"1586","United Kingdom",2020-11-20,67.59,100,-32.41
"1587","United Kingdom",2020-11-21,67.59,100,-32.41
"1588","United Kingdom",2020-11-22,67.59,100,-32.41
"1589","United Kingdom",2020-11-23,67.59,100,-32.41
"1590","United Kingdom",2020-11-24,67.59,100,-32.41
"1591","United Kingdom",2020-11-25,67.59,100,-32.41
"1592","United Kingdom",2020-11-26,67.59,100,-32.41
"1593","United Kingdom",2020-11-27,67.59,100,-32.41
"1594","United Kingdom",2020-11-28,67.59,100,-32.41
"1595","United Kingdom",2020-11-29,67.59,100,-32.41
"1596","United Kingdom",2020-11-30,67.59,100,-32.41
"1597","United Kingdom",2020-12-01,67.59,100,-32.41
"1598","United Kingdom",2020-12-02,67.59,100,-32.41
"1599","United Kingdom",2020-12-03,63.89,100,-36.11
"1600","United Kingdom",2020-12-04,63.89,100,-36.11
"1601","United Kingdom",2020-12-05,63.89,100,-36.11
"1602","United Kingdom",2020-12-06,63.89,100,-36.11
"1603","United Kingdom",2020-12-07,63.89,100,-36.11
"1604","United Kingdom",2020-12-08,67.59,100,-32.41
"1605","United Kingdom",2020-12-09,67.59,100,-32.41
"1606","United Kingdom",2020-12-10,67.59,100,-32.41
"1607","United Kingdom",2020-12-11,67.59,100,-32.41
"1608","United Kingdom",2020-12-12,67.59,100,-32.41
"1609","United Kingdom",2020-12-13,67.59,100,-32.41
"1610","United Kingdom",2020-12-14,73.15,100,-26.85
"1611","United Kingdom",2020-12-15,73.15,100,-26.85
"1612","United Kingdom",2020-12-16,73.15,100,-26.85
"1613","United Kingdom",2020-12-17,73.15,100,-26.85
"1614","United Kingdom",2020-12-18,73.15,100,-26.85
"1615","United Kingdom",2020-12-19,76.85,100,-23.15
"1616","United Kingdom",2020-12-20,76.85,100,-23.15
"1617","United Kingdom",2020-12-21,76.85,100,-23.15
"1618","United Kingdom",2020-12-22,76.85,100,-23.15
"1619","United Kingdom",2020-12-23,76.85,100,-23.15
"1620","United Kingdom",2020-12-24,79.63,100,-20.37
"1621","United Kingdom",2020-12-25,75.46,100,-24.54
"1622","United Kingdom",2020-12-26,79.63,100,-20.37
"1623","United Kingdom",2020-12-27,79.63,100,-20.37
"1624","United Kingdom",2020-12-28,79.63,100,-20.37
"1625","United Kingdom",2020-12-29,79.63,100,-20.37
"1626","United Kingdom",2020-12-30,79.63,100,-20.37
"1627","United Kingdom",2020-12-31,79.63,100,-20.37
"1628","United Kingdom",2021-01-01,79.63,100,-20.37
"1629","United Kingdom",2021-01-02,79.63,100,-20.37
"1630","United Kingdom",2021-01-03,79.63,100,-20.37
"1631","United Kingdom",2021-01-04,79.63,100,-20.37
"1632","United Kingdom",2021-01-05,87.96,100,-12.04
"1633","United Kingdom",2021-01-06,87.96,100,-12.04
"1634","United Kingdom",2021-01-07,87.96,100,-12.04
"1635","United Kingdom",2021-01-08,87.96,100,-12.04
"1636","United Kingdom",2021-01-09,87.96,100,-12.04
"1637","United Kingdom",2021-01-10,87.96,100,-12.04
"1638","United Kingdom",2021-01-11,87.96,100,-12.04
"1639","United Kingdom",2021-01-12,87.96,100,-12.04
"1640","United Kingdom",2021-01-13,87.96,100,-12.04
"1641","United Kingdom",2021-01-14,87.96,100,-12.04
"1642","United Kingdom",2021-01-15,87.96,100,-12.04
"1643","United Kingdom",2021-01-16,87.96,100,-12.04
"1644","United Kingdom",2021-01-17,87.96,100,-12.04
"1645","United Kingdom",2021-01-18,87.96,100,-12.04
"1646","United Kingdom",2021-01-19,87.96,100,-12.04
"1647","United Kingdom",2021-01-20,87.96,100,-12.04
"1648","United Kingdom",2021-01-21,87.96,100,-12.04
"1649","United Kingdom",2021-01-22,87.96,100,-12.04
"1650","United Kingdom",2021-01-23,87.96,100,-12.04
"1651","United Kingdom",2021-01-24,87.96,100,-12.04
"1652","United Kingdom",2021-01-25,87.96,100,-12.04
"1653","United Kingdom",2021-01-26,87.96,100,-12.04
"1654","United Kingdom",2021-01-27,87.96,100,-12.04
"1655","United Kingdom",2021-01-28,87.96,100,-12.04
"1656","United Kingdom",2021-01-29,87.96,100,-12.04
"1657","United Kingdom",2021-01-30,87.96,100,-12.04
"1658","United Kingdom",2021-01-31,87.96,100,-12.04
"1659","United Kingdom",2021-02-01,87.96,100,-12.04
"1660","United Kingdom",2021-02-02,87.96,100,-12.04
"1661","United Kingdom",2021-02-03,87.96,100,-12.04
"1662","United Kingdom",2021-02-04,87.96,100,-12.04
"1663","United Kingdom",2021-02-05,87.96,100,-12.04
"1664","United Kingdom",2021-02-06,87.96,100,-12.04
"1665","United Kingdom",2021-02-07,87.96,100,-12.04
"1666","United Kingdom",2021-02-08,87.96,100,-12.04
"1667","United Kingdom",2021-02-09,87.96,100,-12.04
"1668","United Kingdom",2021-02-10,87.96,100,-12.04
"1669","United Kingdom",2021-02-11,87.96,100,-12.04
"1670","United Kingdom",2021-02-12,87.96,100,-12.04
"1671","United Kingdom",2021-02-13,87.96,100,-12.04
"1672","United Kingdom",2021-02-14,87.96,99.4450403,-11.4850403
"1673","United Kingdom",2021-02-15,87.96,95.940008,-7.98000800000001
"1674","United Kingdom",2021-02-16,87.96,94.5344951,-6.57449510000001
"1675","United Kingdom",2021-02-17,87.96,94.2945934,-6.33459340000002
"1676","United Kingdom",2021-02-18,87.96,93.1339686,-5.17396860000001
"1677","United Kingdom",2021-02-19,87.96,90.6183461,-2.6583461
"1678","United Kingdom",2021-02-20,87.96,88.2964302,-0.336430200000009
"1679","United Kingdom",2021-02-21,87.96,87.3850052,0.574994799999999
"1680","United Kingdom",2021-02-22,86.11,88.0913176,-1.9813176
"1681","United Kingdom",2021-02-23,86.11,86.367748,-0.257748000000007
"1682","United Kingdom",2021-02-24,86.11,84.1683215,1.94167849999999
"1683","United Kingdom",2021-02-25,86.11,82.502686,3.607314
"1684","United Kingdom",2021-02-26,86.11,79.6856979,6.42430210000001
"1685","United Kingdom",2021-02-27,86.11,77.2964032,8.8135968
"1686","United Kingdom",2021-02-28,86.11,74.2422543,11.8677457
"1687","United Kingdom",2021-03-01,86.11,70.0730475,16.0369525
"1688","United Kingdom",2021-03-02,86.11,68.386392,17.723608
"1689","United Kingdom",2021-03-03,86.11,65.530011,20.579989
"1690","United Kingdom",2021-03-04,86.11,44.9937603,41.1162397
